tag,category,subcategory
masterpiece,quality,Score
score_9,quality,Score
score_8_up,quality,Score
score_7_up,quality,Score
score_6_up,quality,Score
score_5_up,quality,Score
score_4_up,quality,Score
high detailed,quality,qc
high quality,quality,qc
best quality,quality,qc
amazing quality,quality,qc
insanely detailed,quality,qc
ultra detailed,quality,qc
high definition,quality,qc
very aesthetic,quality,qc
very awa,quality,qc
beautiful,quality,qc
perfect anatomy,quality,qc
correct anatomy,quality,qc
detailed eyes,quality,qc
highly detailed,quality,qc
very beautiful,quality,qc
very artistic,quality,qc
extremely aesthetic,quality,qc
beautiful detailed eyes,quality,qc
detailed clothes,quality,qc
detailed iris,quality,qc
detailed lace,quality,qc
high detail eyes,quality,qc
highly aesthetic,quality,qc
perfect body,quality,qc
perfect eyes,quality,qc
perfect face,quality,qc
hires,quality,size
absurdres,quality,size
increadibly absurdres,quality,size
highres,quality,size
high resolution,quality,size
4K,quality,size
8K,quality,size
sfw,quality,
general,quality,
sensitive,quality,
explicit,quality,
uncensored,quality,
nsfw,quality,
hetero,quality,
2d,style,art
3d,style,art
abstract,style,art
art deco,style,art
art nouveau,style,art
fake photograph,style,art
fine art parody,style,art
flame painter,style,art
impressionism,style,art
ligne claire,style,art
minimalism,style,art
nihonga,style,art
sumi-e,style,art
ukiyo-e,style,art
painterly,style,art
realistic,style,art
photorealistic,style,art
sketch,style,art
blingee,style,art
cave paintings,style,art
cubism,style,art
cyber sigilism,style,art
emo art,style,art
faux retro artstyle,style,art
glitch art,style,art
low poly,style,art
surreal,style,art
pixel art,style,art
chibi,style,art
watercolor,style,art
gamecg,style,art
super fine illustration,style,art
monochrome,style,art
greyscale,style,art
retro art style,style,art
pc-98,style,art
parody,style,art
unstylized,style,art
mixed,style,art
anime style,style,art
realistic skin texture,style,art
2d image,style,art
anime coloring,style,art
anime eyes,style,art
clear lines,style,art
flat color,style,art
flat color style,style,art
simple coloring,style,art
simple coloring style,style,art
sketch style,style,art
vivid colors,style,art
2020s,style,art
2010s,style,art
2000s,style,art
1980s,style,art
newest,style,art
modern,style,art
recent,style,art
old,style,art
photo,style,medium
anime screencap,style,medium
anime screenshot,style,medium
easytoon,style,medium
artbook,style,medium
calendar (medium),style,medium
card (medium),style,medium
comic,style,medium
1koma,style,medium
2koma,style,medium
3koma,style,medium
4koma,style,medium
multiple 4koma,style,medium
5koma,style,medium
borderless panels,style,medium
manga,style,medium
silent comic,style,medium
cover,style,medium
album cover,style,medium
character single,style,medium
cover page,style,medium
doujin cover,style,medium
dvd cover,style,medium
magazine cover,style,medium
manga cover,style,medium
video game cover,style,medium
game screenshot,style,medium
icon,style,medium
logo,style,medium
kirigami,style,medium
lineart,style,medium
outline,style,medium
mosaic art,style,medium
photomosaic,style,medium
oekaki,style,medium
official art,style,medium
phonecard,style,medium
papercraft,style,medium
paper child,style,medium
paper cutout,style,medium
postcard,style,medium
poster,style,medium
revision,style,medium
scan,style,medium
shitajiki,style,medium
tall image,style,medium
palody,style,medium
tegaki,style,medium
vector trace,style,medium
wallpaper,style,medium
official wallpaper,style,medium
tileable,style,medium
wallpaper forced,style,medium
widescreen,style,medium
wide image,style,medium
volumetric light,style,light effect
warm light,style,light effect
dim light filters,style,light effect
len flare,style,light effect
bokeh lighting,style,light effect
candlelight,style,light effect
cinematic lighting,style,light effect
deep shadows,style,light effect
diffused,style,light effect
diffused lighting,style,light effect
direct lighting,style,light effect
dramatic shadows,style,light effect
fairy lights,style,light effect
firelight,style,light effect
focused beam,style,light effect
golden hour lighting,style,light effect
high key,style,light effect
industrial lighting,style,light effect
low key lighting,style,light effect
minimal shadows,style,light effect
natural sunlight,style,light effect
natural window light,style,light effect
neon lighting,style,light effect
rainbow lighting,style,light effect
reflective lighting,style,light effect
rim lighting,style,light effect
streetlamp lighting,style,light effect
strobe lighting,style,light effect
studio lighting,style,light effect
twilight lighting,style,light effect
twinkling,style,light effect
sparkle,style,light effect
shadow,style,light effect
glowing,style,light effect
light blush,style,light effect
light particles,style,light effect
luxurious black gown,style,light effect
blending,style,
bloom,style,
bokeh,style,
caustics,style,
chiaroscuro,style,
chromatic aberration,style,
heavy chromatic aberration,style,
diffraction spikes,style,
depth of field,style,
distortion,style,
dithering,style,
double exposure,style,
drop shadow,style,
emphasis lines,style,
film grain,style,
foreshortening,style,
glitch,style,
gradient,style,
halftone,style,
ben-day dots,style,
linear hatching,style,
crosshatching,style,
woven hatching,style,
high contrast,style,
hue shifting,style,
heavy lens flare,style,
motion blur,style,
motion lines,style,
multiple monochrome,style,
optical illusion,style,
anaglyph,style,
stereogram,style,
overexposure,style,
pointillism,style,
scanlines,style,
screentones,style,
silhouette,style,
speed lines,style,
subsurface scattering,style,
vignetting,style,
sharp focus,style,
sheer layers,style,
adventurous,style,
aquatic,style,
artistic,style,
colorful,style,
cool and soft,style,
cool tones,style,
cozy,style,
dramatic,style,
dreamy,style,
dreamy ambiance,style,
dynamic,style,
edgy,style,
energetic,style,
ethereal style,style,
fantasy style,style,
festive,style,
futuristic,style,
gritty,style,
harsh,style,
harsh and direct,style,
high energy,style,
homely,style,
icozy,style,
intimate,style,
inviting,style,
moody,style,
mysterious,style,
mystical,style,
peaceful,style,
playful,style,
romantic,style,
rustic,style,
serene,style,
soft,style,
soft and diffused,style,
soft focus,style,
spontaneous,style,
theatrical,style,
tranquil,style,
vibrant,style,
warm and flickering,style,
warm tones,style,
whimsical,style,
male focus,style,
solo focus,style,
dated,style,
siblings,style,
nature theme,style,
white atmosphere,style,
cityscape,style,
everyone,style,
absolutely everyone,style,
group picture,style,
iei,style,
landscape,style,
nature,style,
no humans,style,
off-topic,style,
scenery,style,
still life,style,
acid graphics,style,
afrofuturism,style,
biopunk,style,
choco girl,style,
cyberpunk,style,
dieselpunk,style,
dunhuang style,style,
frutiger aero,style,
frutiger metro,style,
gurokawa,style,
grind fiction,style,
heisei retro,style,
retrofuturism,style,
shoe diva,style,
silkpunk,style,
solarpunk,style,
steampunk,style,
synthwave,style,
tenshi kaiwai,style,
vaporwave,style,
weirdcore,style,
whimsy twee,style,
yami kawaii,style,
yume kawaii,style,
sharp details,style,
1940s hollywood,style,
accentuating edges,style,
action-packed,style,
chiaroscuro style,style,
clean and crisp,style,
contemporary,style,
cyberpunk style,style,
film noir style,style,
magical,style,
mechanical,style,
nightlife,style,
noir style,style,
paparazzi style,style,
party atmosphere,style,
pastel colors,style,
street photography,style,
vintage style,style,
white tone,style,
1girl,character,person
2girls,character,person
3girls,character,person
4girls,character,person
5girls,character,person
6+girls,character,person
1boy,character,person
2boys,character,person
3boys,character,person
1other,character,person
solo,character,person
couple,character,person
multiply,character,person
multiple boys,character,person
teenage,character,body
mature,character,body
loli,character,body
young mature,character,body
mesugaki,character,body
tsundere,character,body
yandere,character,body
kuudere,character,body
dandere,character,body
otoko no ko,character,body
bishounen,character,body
reverse trap,character,body
girly boy,character,body
josou seme,character,body
crossdressing,character,body
teenager,character,body
adult mature,character,body
old man,character,body
old woman,character,body
aged down,character,body
sisters,character,body
child,character,body
genderswap,character,body
young,character,body
cute,character,body
woman,character,body
girl,character,body
toned,character,body
toned female,character,body
flat breasts,character,body
small breasts,character,body
medium breasts,character,body
large breasts,character,body
huge breasts,character,body
abs,character,body
warts,character,body
breasts,character,body
fewer digits,character,body
glowing skin,character,body
shiny skin,character,body
slender,character,body
petite,character,body
skinny,character,body
plump,character,body
chubby,character,body
curvy,character,body
hourglass,character,body
muscular,character,body
muscular female,character,body
flat chest,character,body
gigantic breasts,character,body
tall,character,body
short,character,body
minigirl,character,body
giantess,character,body
shota,character,body
thick thighs,character,body
slender thighs,character,body
muscular arms,character,body
toned arms,character,body
claws,character,body
pale skin,character,body
dark skin,character,body
tan,character,body
body ,character,body
dark-skinned female,character,body
colored skin,character,body
dark-skinned male,character,body
breasts apart,character,body
mecha,character,body
curvy body,character,body
fair skin,character,body
pointy breasts,character,body
skin indentations,character,body
stylish slender,character,body
angel,character,body
catgirl,character,body
bunnygirl,character,body
nekomata,character,body
centaur,character,body
Elf,character,body
furry,character,body
chimera,character,body
Vampire,character,body
cupid,character,body
demon,character,body
succubus,character,body
dwarf,character,body
dark Elf,character,body
gnome,character,body
salamander,character,body
sylph,character,body
undine,character,body
fairy,character,body
ghost,character,body
hitodama,character,body
giant,character,body
goblin,character,body
golem,character,body
kisune,character,body
mermaid,character,body
undead,character,body
shinigami,character,body
ghoul,character,body
jiangshi,character,body
mummy,character,body
zombie,character,body
fox girl,character,body
dragon girl,character,body
human,character,body
half-elf,character,body
halfling,character,body
orc,character,body
hobgoblin,character,body
troll,character,body
ogre,character,body
pixie,character,body
sprite,character,body
incubus,character,body
fallen angel,character,body
devil,character,body
oni,character,body
tengu,character,body
yokai,character,body
phantom,character,body
werewolf,character,body
harpy,character,body
lamia,character,body
slime,character,body
goo girl,character,body
kemonomimi,character,body
kitsunemimi,character,body
usagimimi,character,body
ookamimimi,character,body
kumamimi,character,body
nezumimimi,character,body
alien,character,body
monster girl,character,body
dullahan,character,body
bird girl,character,body
insect girl,character,body
plant girl,character,body
horse girl,character,body
demon girl,character,body
robot,character,body
personification,character,body
slime girl,character,body
crocodile girl,character,body
actor,character,body
actress,character,body
artist painter,character,body
astronaut,character,body
barber,character,body
bartender,character,body
bodyguard,character,body
butler,character,body
cashier,character,body
chauffeur,character,body
chef,character,body
chemist,character,body
conductor,character,body
construction worker,character,body
cyclist,character,body
dentist,character,body
dj,character,body
doctor,character,body
engineer,character,body
farmer,character,body
firefighter,character,body
fisherman,character,body
flight attendant,character,body
florist,character,body
geisha,character,body
guard,character,body
hikikomori,character,body
idol,character,body
janitor,character,body
judge,character,body
librarian,character,body
lifeguard,character,body
lumberjack,character,body
mechanic,character,body
merchant,character,body
miner,character,body
nurse,character,body
school nurse,character,body
office lady,character,body
pilot,character,body
salaryman,character,body
scientist,character,body
shepherd,character,body
slave,character,body
spy,character,body
teacher,character,body
trucker,character,body
train attendant,character,body
train conductor,character,body
voice actor,character,body
waiter,character,body
alchemist,character,body
bard,character,body
druid,character,body
cowboy,character,body
cowgirl,character,body
knight,character,body
knights templar,character,body
ninja,character,body
paladin,character,body
samurai,character,body
sheriff,character,body
warrior,character,body
gladiator,character,body
wizard/witch,character,body
law enforcement,character,body
park ranger,character,body
police,character,body
policeman,character,body
policewoman,character,body
security guard,character,body
military,character,body
drill instructor,character,body
frogman,character,body
mercenary,character,body
military medic,character,body
military operator,character,body
military police,character,body
sniper team,character,body
soldier,character,body
paratrooper,character,body
standard-bearer,character,body
outlaws,character,body
arson,character,body
bandit,character,body
burglar,character,body
dealer,character,body
gangster,character,body
hacker,character,body
mafia,character,body
yakuza,character,body
pedophile,character,body
prisoner,character,body
terrorist,character,body
religious,character,body
cleric,character,body
monk,character,body
pope,character,body
sexual,character,body
dominator,character,body
dominatrix,character,body
prostitution,character,body
stripper,character,body
high school student,character,body
fungus,character,body
student,character,body
jk,character,body
magical girl,character,body
forest guardian,character,body
virtual youtuber,character,body
vocaloid,character,body
aqua eyes,character,body
black eyes,character,body
blue eyes,character,body
brown eyes,character,body
green eyes,character,body
grey eyes,character,body
orange eyes,character,body
purple eyes,character,body
pink eyes,character,body
red eyes,character,body
white eyes,character,body
yellow eyes,character,body
heterochromia,character,body
multicolored eyes,character,body
gradient eyes,character,body
two-tone eyes,character,body
rainbow eyes,character,body
aqua pupils,character,body
blue pupils,character,body
brown pupils,character,body
green pupils,character,body
grey pupils,character,body
orange pupils,character,body
pink pupils,character,body
purple pupils,character,body
red pupils,character,body
white pupils,character,body
yellow pupils,character,body
blue sclera,character,body
black sclera,character,body
green sclera,character,body
pointy ears,character,body
elf ears,character,body
elven ears,character,body
animal ears,character,body
alpaca ears,character,body
bat ears,character,body
bear ears,character,body
beaver ears,character,body
bird ears,character,body
boar ears,character,body
cat ears,character,body
cow ears,character,body
deer ears,character,body
dog ears,character,body
donkey ears,character,body
elephant ears,character,body
ferret ears,character,body
fox ears,character,body
gazelle ears,character,body
giraffe ears,character,body
goat ears,character,body
hamster ears,character,body
hippopotamus ears,character,body
horse ears,character,body
jackal ears,character,body
jaguar ears,character,body
leopard ears,character,body
snow leopard ears,character,body
lion ears,character,body
monkey ears,character,body
moose ears,character,body
mouse ears,character,body
otter ears,character,body
panda ears,character,body
panther ears,character,body
pig ears,character,body
pikachu ears,character,body
rabbit ears,character,body
raccoon ears,character,body
rhinoceros ears,character,body
sheep ears,character,body
squirrel ears,character,body
tamandua ears,character,body
tapir ears,character,body
tiger ears,character,body
weasel ears,character,body
wolf ears,character,body
zebra ears,character,body
fake animal ears,character,body
droopy ears,character,body
floppy ears,character,body
notched ear,character,body
kemomimi,character,body
nekomimi,character,body
inumimi,character,body
usamimi,character,body
dragon ears,character,body
bunny ears,character,body
ears down,character,body
ears through headwear,character,body
ear wiggle,character,body
extra ears,character,body
long pointy ears,character,body
fin ears,character,body
robot ears,character,body
orange sclera,character,body
red sclera,character,body
yellow sclera,character,body
bruised eye,character,body
byakugan,character,body
electric eyes,character,body
flaming eyes,character,body
geass,character,body
glowing eyes,character,body
mangekyou sharingan,character,body
rinnegan,character,body
sharingan,character,body
glowing eye,character,body
eye contact,character,body
looking afar,character,body
looking around,character,body
looking at another,character,body
looking at breasts,character,body
looking at creature,character,body
looking at crotch,character,body
looking at hand,character,body
looking at hands,character,body
looking at mirror,character,body
looking at object,character,body
looking at phone,character,body
looking at pussy,character,body
looking at self,character,body
looking at viewer,character,body
looking back,character,body
looking down,character,body
looking outside,character,body
looking over eyewear,character,body
looking through own legs,character,body
looking to the side,character,body
looking up,character,body
looking away,character,body
extra eyes,character,body
missing eye,character,body
no eyes,character,body
one-eyed,character,body
third eye,character,body
@ @,character,body
aegyo sal,character,body
bags under eyes,character,body
blank eyes,character,body
bloodshot eyes,character,body
bulging eyes,character,body
button eyes,character,body
cephalopod eyes,character,body
compound eyes,character,body
constricted pupils,character,body
crazy eyes,character,body
crosshair pupils,character,body
cross-shaped pupils,character,body
dashed eyes,character,body
diamond-shaped pupils,character,body
dilated pupils,character,body
empty eyes,character,body
extra pupils,character,body
eye pop,character,body
eye reflection,character,body
flashing eyes,character,body
flower-shaped pupils,character,body
heart-shaped eyes,character,body
heart-shaped pupils,character,body
horizontal pupils,character,body
jitome,character,body
lens eye,character,body
mismatched irises,character,body
mismatched pupils,character,body
mismatched sclera,character,body
moon-shaped pupils,character,body
no pupils,character,body
no sclera,character,body
Nonowa,character,body
Pac-man eyes,character,body
pixel eyes,character,body
power symbol-shaped pupils,character,body
ringed eyes,character,body
sanpaku,character,body
slit pupils,character,body
snowflakes-shaped pupils,character,body
solid circle eyes,character,body
solid circle pupils,character,body
solid oval eyes,character,body
sparkling eyes,character,body
spiral-only eyes,character,body
squiggle eyes,character,body
star-shaped pupils,character,body
symbol-shaped pupils,character,body
tareme,character,body
text in eyes,character,body
tsurime,character,body
x-shaped pupils,character,body
multicolored iris,character,body
pie-cut eyes,character,body
eyeliner,character,body
eyeshadow,character,body
mascara,character,body
half-closed eyes,character,body
narrowed eyes,character,body
wide eyes,character,body
sleepy eyes,character,body
glint eyes,character,body
sparkle eyes,character,body
cocked eyebrow,character,body
short eyebrows,character,body
long eyebrows,character,body
thick eyebrows,character,body
huge eyebrows,character,body
unibrow,character,body
forked eyebrows,character,body
curly eyebrows,character,body
eyebrow cut,character,body
scar across eyebrow,character,body
m eyebrows,character,body
eye lashes,character,body
long eye lashes,character,body
eye shadow,character,body
colored eyelashes,character,body
snowflakes-shaped_pupils,character,body
white sclera,character,body
meganekko,character,body
wink,character,body
eyelashes,character,body
bright pupils,character,body
colored sclera,character,body
calm eyes,character,body
dark lashes,character,body
full lashes,character,body
body freckles,character,body
arm freckles,character,body
ass freckles,character,body
back freckles,character,body
breast freckles,character,body
chest freckles,character,body
shoulder freckles,character,body
thigh freckles,character,body
freckles,character,body
box braids,character,body
braided bang,character,body
braided dreadlocks,character,body
braided hair rings,character,body
cornrows,character,body
crown braid,character,body
dreadlocks,character,body
front braid,character,body
half crown braid,character,body
half up braid,character,body
half up half down braid,character,body
low twin braids,character,body
low-braided long hair,character,body
multiply braids,character,body
quad braids,character,body
rope braid,character,body
side braid,character,body
single braid,character,body
tri braids,character,body
twin braids,character,body
multiple braids,character,body
braid,character,body
bantu knots,character,body
braided bun,character,body
bun with braided base,character,body
cone hair bun,character,body
donut hair bun,character,body
double bun,character,body
feixianji,character,body
hair rings,character,body
heart hair bun,character,body
katsuyamamage,character,body
quad hair rings,character,body
single hair bun,character,body
single hair ring,character,body
tri hair rings,character,body
triple bun,character,body
hair bun,character,body
aqua hair,character,body
black hair,character,body
blonde hair,character,body
blue hair,character,body
brown hair,character,body
green hair,character,body
grey hair,character,body
orange hair,character,body
pink hair,character,body
purple hair,character,body
red hair,character,body
white hair,character,body
multicolored hair,character,body
colored inner hair,character,body
gradient hair,character,body
patterned hair,character,body
rainbow hair,character,body
split-color hair,character,body
spotted hair,character,body
streaked hair,character,body
striped hair,character,body
raccoon tails hair,character,body
two-tone hair,character,body
silver hair,character,body
multicolor hair,character,body
eyes visible through hair,character,body
arched bangs,character,body
asymmetrical bangs,character,body
bangs pinned back,character,body
blunt bangs,character,body
center-flap bangs,character,body
choppy bangs,character,body
colored bangs,character,body
crossed bangs,character,body
curtained hair,character,body
diagonal bangs,character,body
double-parted bangs,character,body
fanged bangs,character,body
hair between eyes,character,body
hair intakes,character,body
hair over eyes,character,body
hair over one eye,character,body
long bangs,character,body
parted bangs,character,body
short bangs,character,body
single hair intake,character,body
swept bangs,character,body
widow's peak,character,body
wispy bangs,character,body
forehead,character,body
bald,character,body
very short hair,character,body
short hair,character,body
medium hair,character,body
long hair,character,body
very long hair,character,body
absurdly long hair,character,body
big hair,character,body
balding,character,body
ahoge,character,body
antenna hair,character,body
asymmetrical sidelocks,character,body
drill sidelocks,character,body
heart ahoge,character,body
heart antenna hair,character,body
huge ahoge,character,body
low-tied sidelocks,character,body
sidelocks,character,body
sidelocks tied back,character,body
single sidelock,character,body
brown streaks,character,body
black streaks,character,body
aqua streaks,character,body
blue streaks,character,body
green streaks,character,body
grey streaks,character,body
orange streaks,character,body
purple streaks,character,body
pink streaks,character,body
red streaks,character,body
white streaks,character,body
yellow streaks,character,body
hair behind ear,character,body
afro,character,body
beehive hairdo,character,body
bob cut,character,body
bow shimada,character,body
bowl cut,character,body
bow-shaped hair,character,body
buzz cut,character,body
chasenmage,character,body
chonmage,character,body
comb over,character,body
crested hair,character,body
crew cut,character,body
danyaji,character,body
double luo ji,character,body
flattop,character,body
flower-shaped hair,character,body
folded ponytail,character,body
four leaf clover hairstyle,character,body
front ponytail,character,body
fukumage,character,body
hair pulled back,character,body
hair slicked back,character,body
high ponytail,character,body
high side ponytail,character,body
hime cut,character,body
huge afro,character,body
inverted bob,character,body
jellyfish cut,character,body
jinggu ji,character,body
karawamage,character,body
liangbatou,character,body
lone nape hair,character,body
low ponytail,character,body
low side ponytail,character,body
low twintails,character,body
low-tied long hair,character,body
luo ji,character,body
marumage,character,body
mizura,character,body
mohawk,character,body
mullet,character,body
multi-tied hair,character,body
one side up,character,body
oseledets,character,body
parted hair,character,body
pixie cut,character,body
pompadour,character,body
ponytail,character,body
quad tails,character,body
quiff,character,body
quin tails,character,body
rabbit hairstyle,character,body
sangtu,character,body
short hair with long locks,character,body
short ponytail,character,body
short side ponytail,character,body
short twintails,character,body
shouten pegasus mix mori,character,body
shuangyaji,character,body
side ponytail,character,body
split ponytail,character,body
star-shaped hair,character,body
topknot,character,body
tri tails,character,body
twintails,character,body
two side up,character,body
undercut,character,body
uneven twintails,character,body
wolf cut,character,body
yuanbao ji,character,body
yuiwata,character,body
long flowing ponytail,character,body
multiple tails,character,body
half updo,character,body
floating hair,character,body
alternate hairstyle,character,body
hair over shoulder,character,body
bob hair,character,body
curly hair,character,body
drill hair,character,body
flipped hair,character,body
fluffy hair,character,body
hair flaps,character,body
kishimen hair,character,body
messy hair,character,body
pointy hair,character,body
quad drills,character,body
ringlets,character,body
single drill,character,body
spiked hair,character,body
straight hair,character,body
tri drills,character,body
twin drills,character,body
wavy hair,character,body
dragon horns,character,body
horns,character,body
demon horns,character,body
oni horns,character,body
single horn,character,body
multiple horns,character,body
curled horns,character,body
straight horns,character,body
broken horn,character,body
mole above eye,character,body
mole above mouth,character,body
mole beside mouth,character,body
mole on cheek,character,body
mole on ear,character,body
mole on forehead,character,body
mole on nose,character,body
mole under eye,character,body
mole under each eye,character,body
mole under mouth,character,body
mole on areola,character,body
mole on back,character,body
mole on breast,character,body
mole on chest,character,body
mole on collarbone,character,body
mole on neck,character,body
mole on shoulder,character,body
mole under breast,character,body
mole on arm,character,body
mole on armpit,character,body
mole on hand,character,body
mole on crotch,character,body
mole on hip,character,body
mole on penis,character,body
mole on pussy,character,body
mole on stomach,character,body
mole on testicles,character,body
mole on ass,character,body
mole on foot,character,body
mole on leg,character,body
mole on thigh,character,body
mole,character,body
fang,character,body
fangs,character,body
sharp teeth,character,body
tusks,character,body
skin fang,character,body
fang out,character,body
lips,character,body
thick lips,character,body
lipstick,character,body
tongue,character,body
tongue out,character,body
saliva,character,body
drooling,character,body
mouth hold,character,body
mouth drool ,character,body
biting lip,character,body
tail,character,body
demon tail,character,body
animal tail,character,body
kitsune tail,character,body
prehensile tail,character,body
tail wag,character,body
tail raised,character,body
tail between legs,character,body
aqua tail,character,body
black tail,character,body
blue tail,character,body
gold tail,character,body
green tail,character,body
grey tail,character,body
orange tail,character,body
pink tail,character,body
red tail,character,body
silver tail,character,body
white tail,character,body
yellow tail,character,body
multicolored tail,character,body
two-tone tail,character,body
striped tail,character,body
dragon tail,character,body
ghost tail,character,body
pikachu tail,character,body
snake head tail,character,body
fiery tail,character,body
flame-tipped tail,character,body
bear tail,character,body
rabbit tail,character,body
cat tail,character,body
cow tail,character,body
deer tail,character,body
dog tail,character,body
fox tail,character,body
horse tail,character,body
leopard tail,character,body
lion tail,character,body
monkey tail,character,body
mouse tail,character,body
pig tail,character,body
red panda tail,character,body
sheep tail,character,body
squirrel tail,character,body
tiger tail,character,body
wolf tail,character,body
abdomen tail,character,body
axolotl tail,character,body
crocodilian tail,character,body
fish tail,character,body
scorpion tail,character,body
snake tail,character,body
tadpole tail,character,body
little demon wing,character,body
two-tone wings,character,body
wings,character,body
little demon wings,character,body
single wing,character,body
multiple wings,character,body
asymmetrical wings,character,body
bat wings,character,body
crystal wings,character,body
demon wings,character,body
dragon wings,character,body
energy wings,character,body
fairy wings,character,body
fake wings,character,body
fiery wings,character,body
feathered wings,character,body
angel wings,character,body
bird wings,character,body
ice wings,character,body
insect wings,character,body
bee wings,character,body
butterfly wings,character,body
dragonfly wings,character,body
moth wings,character,body
liquid wings,character,body
mechanical wings,character,body
plant wings,character,body
skeletal wings,character,body
black wings,character,body
red wings,character,body
white wings,character,body
blue wings,character,body
green wings,character,body
aqua wings,character,body
brown wings,character,body
yellow wings,character,body
pink wings,character,body
grey wings,character,body
gradient wings,character,body
multicolored wings,character,body
rainbow wings,character,body
transparent wings,character,body
ankle wings,character,body
detached wings,character,body
head wings,character,body
hair wings,character,body
low wings,character,body
leg wings,character,body
winged arms,character,body
mini wings,character,body
oversized wings,character,body
._.,character,pose
:/,character,pose
:|,character,pose
:<,character,pose
:>,character,pose
:>=,character,pose
:3,character,pose
:c,character,pose
:D,character,pose
:o,character,pose
:p,character,pose
:q,character,pose
:T,character,pose
:エ,character,pose
;),character,pose
;<,character,pose
;3,character,pose
;D,character,pose
;o,character,pose
;p,character,pose
;q,character,pose
@_@,character,pose
\(^o^)/,character,pose
^_^,character,pose
^p^,character,pose
^q^,character,pose
|_|,character,pose
+_-,character,pose
+_+,character,pose
<|>_<|>,character,pose
<o>_<o>,character,pose
=_=,character,pose
>:(,character,pose
>:),character,pose
>_@,character,pose
>_<,character,pose
>3<,character,pose
>o<,character,pose
0_0,character,pose
0w0,character,pose
c:,character,pose
D:,character,pose
o_o,character,pose
o3o,character,pose
T_T,character,pose
uwu,character,pose
x3,character,pose
XD,character,pose
^ ^,character,pose
> <,character,pose
^^^,character,pose
anger vein,character,pose
angry,character,pose
annoyed,character,pose
bored,character,pose
color drain,character,pose
confused,character,pose
crazy,character,pose
depressed,character,pose
despair,character,pose
determined,character,pose
disappointed,character,pose
disdain,character,pose
disgust,character,pose
distress,character,pose
drunk,character,pose
ecstasy,character,pose
embarrassed,character,pose
envy,character,pose
excited,character,pose
exhausted,character,pose
expressionless,character,pose
flustered,character,pose
frown,character,pose
frustrated,character,pose
furrowed brow,character,pose
glaring,character,pose
gloom,character,pose
grimace,character,pose
guilt,character,pose
happy,character,pose
horrified,character,pose
kubrick stare,character,pose
lonely,character,pose
nervous,character,pose
nosebleed,character,pose
one eye closed,character,pose
pain,character,pose
panicking,character,pose
pensive,character,pose
pout,character,pose
rolling eyes,character,pose
sad,character,pose
scared,character,pose
scowl,character,pose
screaming,character,pose
serious,character,pose
shaded face,character,pose
shy,character,pose
sigh,character,pose
skeptical,character,pose
sleepy,character,pose
sobbing,character,pose
struggling,character,pose
sulking,character,pose
surprised,character,pose
tears,character,pose
thinking,character,pose
traumatized,character,pose
turn pale,character,pose
unamused,character,pose
wince,character,pose
worried,character,pose
tearing up,character,pose
serious expression,character,pose
light frown,character,pose
big laugh,character,pose
blush,character,pose
blush stickers,character,pose
closed eyes,character,pose
full-face blush,character,pose
nose blush,character,pose
raised eyebrow,character,pose
raised eyebrows,character,pose
raised inner eyebrows,character,pose
rape face,character,pose
v-shaped eyebrows,character,pose
naughty face,character,pose
full blush,character,pose
crying,character,pose
shocked,character,pose
button nose,character,pose
pointy nose,character,pose
cheek bulge,character,pose
cheek pinching,character,pose
cheek tattoo,character,pose
cleft chin,character,pose
pointy chin,character,pose
jawline,character,pose
sharp jawline,character,pose
forehead jewel,character,pose
forehead markbindi,character,pose
facial mark,character,pose
flying sweatdrops,character,pose
scar on face,character,pose
spoken heart,character,pose
faceless,character,pose
whisker markings,character,pose
abyaa face,character,pose
angry dog noises,character,pose
awesome face,character,pose
essex face,character,pose
excalibur face,character,pose
foodgasm,character,pose
gyate gyate,character,pose
henohenomoheji,character,pose
smiley face,character,pose
troll face,character,pose
uso da,character,pose
chestnut mouth,character,pose
clenched teeth,character,pose
closed mouth,character,pose
diamond mouth,character,pose
dot mouth,character,pose
glowing mouth,character,pose
heart in mouth,character,pose
heart-shaped mouth,character,pose
hollow mouth,character,pose
mouth drool,character,pose
no mouth,character,pose
open mouth,character,pose
parted lips,character,pose
peanut mouth,character,pose
rectangular mouth,character,pose
round mouth,character,pose
sideways mouth,character,pose
snake mouth,character,pose
split mouth,character,pose
stitched mouth,character,pose
text in mouth,character,pose
triangle mouth,character,pose
wavy mouth,character,pose
x mouth,character,pose
Yurie mouth,character,pose
teeth,character,pose
upper teeth only,character,pose
facial hair,character,pose
crazy smile,character,pose
doyagao,character,pose
evil grin,character,pose
evil smile,character,pose
fingersmile,character,pose
forced smile,character,pose
glasgow smile,character,pose
grin,character,pose
light smile,character,pose
sad smile,character,pose
seductive smile,character,pose
smile,character,pose
smirk,character,pose
smug,character,pose
stifled laugh,character,pose
x hair ornament,character,cloth
pink bow,character,cloth
black nails,character,cloth
ear covers,character,cloth
ear cuffs,character,cloth
earrings,character,cloth
hoop earrings,character,cloth
stud earrings,character,cloth
earclip,character,cloth
ear chain,character,cloth
face chain,character,cloth
hair ornament,character,cloth
hair beads,character,cloth
hair bobbles,character,cloth
hairclip,character,cloth
hairpin,character,cloth
hair scrunchie,character,cloth
hair stick,character,cloth
kanzashi,character,cloth
head chain,character,cloth
headphones,character,cloth
earphones,character,cloth
earpiece,character,cloth
headset,character,cloth
laurel crown,character,cloth
mask,character,cloth
plague doctor mask,character,cloth
surgical mask,character,cloth
beauty mask,character,cloth
nose mask,character,cloth
bondage mask,character,cloth
gimp mask,character,cloth
catcher's mask,character,cloth
carnival mask,character,cloth
character mask,character,cloth
clown mask,character,cloth
diving mask on head,character,cloth
diving mask removed,character,cloth
gas mask,character,cloth
ghost mask,character,cloth
guy fawkes mask,character,cloth
hockey mask,character,cloth
hollow mask,character,cloth
hyottoko mask,character,cloth
kendo mask,character,cloth
luchador mask,character,cloth
masquerade mask,character,cloth
noh mask,character,cloth
oxygen mask,character,cloth
panty mask,character,cloth
pumpkin mask,character,cloth
respirator,character,cloth
santa mask,character,cloth
skull mask,character,cloth
sleep mask,character,cloth
snorkel mask,character,cloth
welding mask,character,cloth
wrestling mask,character,cloth
eye mask,character,cloth
domino mask,character,cloth
half eye mask,character,cloth
half mask,character,cloth
mouth mask,character,cloth
ninja mask,character,cloth
mouth veil,character,cloth
alligator mask,character,cloth
bat mask,character,cloth
bear mask,character,cloth
bird mask,character,cloth
chicken mask,character,cloth
crow mask,character,cloth
duck mask,character,cloth
owl mask,character,cloth
swan mask,character,cloth
boar mask,character,cloth
butterfly mask,character,cloth
cat mask,character,cloth
cow mask,character,cloth
dog mask,character,cloth
fish mask,character,cloth
fox mask,character,cloth
frog mask,character,cloth
giraffe mask,character,cloth
gorilla mask,character,cloth
horse mask,character,cloth
lion mask,character,cloth
monkey mask,character,cloth
mouse mask,character,cloth
panda mask,character,cloth
pig mask,character,cloth
rabbit mask,character,cloth
raccoon mask,character,cloth
snake mask,character,cloth
weasel mask,character,cloth
wolf mask,character,cloth
zebra mask,character,cloth
alien mask,character,cloth
dragon mask,character,cloth
goblin mask,character,cloth
kappa mask,character,cloth
oni mask,character,cloth
tengu mask,character,cloth
unicorn mask,character,cloth
white mask,character,cloth
grey mask,character,cloth
black mask,character,cloth
brown mask,character,cloth
red mask,character,cloth
yellow mask,character,cloth
orange mask,character,cloth
green mask,character,cloth
aqua mask,character,cloth
blue mask,character,cloth
purple mask,character,cloth
pink mask,character,cloth
print mask,character,cloth
checkered mask,character,cloth
asymmetrical mask,character,cloth
broken mask,character,cloth
cracked mask,character,cloth
bone mask,character,cloth
dirty mask,character,cloth
glowing mask,character,cloth
gold mask,character,cloth
horned mask,character,cloth
leather mask,character,cloth
metal mask,character,cloth
pointed mask,character,cloth
see-through mask,character,cloth
spiked mask,character,cloth
stone mask,character,cloth
studded mask,character,cloth
torn mask,character,cloth
animegao,character,cloth
covered face,character,cloth
paper on head,character,cloth
rina-chan board,character,cloth
floating earrings,character,cloth
tassel earrings,character,cloth
mismatched earrings,character,cloth
teardrop earrings,character,cloth
chandelier earrings,character,cloth
pearl earrings,character,cloth
crystal earrings,character,cloth
diamond earrings,character,cloth
silver earrings,character,cloth
gold earrings,character,cloth
pom pom earrings,character,cloth
shell earrings,character,cloth
feather earrings,character,cloth
diamond-shaped earrings,character,cloth
crescent earrings,character,cloth
cross earrings,character,cloth
spade earrings,character,cloth
heart earrings,character,cloth
clover earrings,character,cloth
sphere earrings,character,cloth
star earrings,character,cloth
triangle earrings,character,cloth
cube earrings,character,cloth
pentagram earrings,character,cloth
musical note earrings,character,cloth
lightning bolt earrings,character,cloth
inverted cross earrings,character,cloth
smiley face earrings,character,cloth
eighth note earrings,character,cloth
speech bubble earrings,character,cloth
venus symbol earrings,character,cloth
mars symbol earrings,character,cloth
yin yang earrings,character,cloth
flower earrings,character,cloth
horseshoe earrings,character,cloth
key earrings,character,cloth
cameo (jewelry),character,cloth
crown earrings,character,cloth
teacup earrings,character,cloth
teapot earrings,character,cloth
envelope earrings,character,cloth
leaf earrings,character,cloth
four-leaf clover earrings,character,cloth
honeycomb earrings,character,cloth
acorn earrings,character,cloth
axe earrings,character,cloth
arrow earrings,character,cloth
torch earrings,character,cloth
bullet earrings,character,cloth
fish hook earrings,character,cloth
cage earrings,character,cloth
sword earrings,character,cloth
shuriken earrings,character,cloth
razor blade earrings,character,cloth
torpedo earrings,character,cloth
lantern earrings,character,cloth
hourglass earrings,character,cloth
umbrella earrings,character,cloth
bottle earrings,character,cloth
soccer ball earrings,character,cloth
baseball earrings,character,cloth
paintbrush earrings,character,cloth
playing card earrings,character,cloth
dice earrings,character,cloth
guitar earrings,character,cloth
piano earrings,character,cloth
planet earrings,character,cloth
black hole earrings,character,cloth
beaker earrings,character,cloth
magnet earrings,character,cloth
light bulb earrings,character,cloth
syringe earrings,character,cloth
pill earrings,character,cloth
innertube earrings,character,cloth
coral earrings,character,cloth
beachball earrings,character,cloth
pinwheel earrings,character,cloth
jack-o'-lantern earrings,character,cloth
skull earrings,character,cloth
bone earrings,character,cloth
tooth earrings,character,cloth
ufo earrings,character,cloth
spider web earrings,character,cloth
jingle bell earrings,character,cloth
mistletoe earrings,character,cloth
snowman earrings,character,cloth
snowflake earrings,character,cloth
christmas wreath earrings,character,cloth
christmas stocking earrings,character,cloth
christmas tree earrings,character,cloth
cat earrings,character,cloth
rabbit earrings,character,cloth
bird earrings,character,cloth
wing earrings,character,cloth
duck earrings,character,cloth
dinosaur earrings,character,cloth
whale earrings,character,cloth
orca earrings,character,cloth
shrimp earrings,character,cloth
dolphin earrings,character,cloth
seahorse earrings,character,cloth
starfish earrings,character,cloth
octopus earrings,character,cloth
jellyfish earrings,character,cloth
fish earrings,character,cloth
fish skeleton earrings,character,cloth
bagged fish earrings,character,cloth
pig earrings,character,cloth
horse earrings,character,cloth
cow earrings,character,cloth
sheep earrings,character,cloth
chicken earrings,character,cloth
dragonfly earrings,character,cloth
ladybug earrings,character,cloth
butterfly earrings,character,cloth
spider earrings,character,cloth
bat earrings,character,cloth
snake earrings,character,cloth
wolf earrings,character,cloth
dragon earrings,character,cloth
bear earrings,character,cloth
panda earrings,character,cloth
animal earrings,character,cloth
paw earrings,character,cloth
strawberry earrings,character,cloth
pineapple earrings,character,cloth
blueberry earrings,character,cloth
lime earrings,character,cloth
watermelon slice earrings,character,cloth
apple earrings,character,cloth
banana earrings,character,cloth
raspberry earrings,character,cloth
orange-shaped earrings,character,cloth
cherry earrings,character,cloth
coconut earrings,character,cloth
lemon earrings,character,cloth
pudding earrings,character,cloth
dango earrings,character,cloth
ice cream earrings,character,cloth
macaron earrings,character,cloth
candy cane earrings,character,cloth
cookie earrings,character,cloth
gummy bear earrings,character,cloth
donut earrings,character,cloth
candy earrings,character,cloth
cake earrings,character,cloth
cheese earrings,character,cloth
onigiri earrings,character,cloth
burger earrings,character,cloth
octopus sausage earrings,character,cloth
mushroom earrings,character,cloth
eggplant earrings,character,cloth
chili pepper earrings,character,cloth
red pepper earrings,character,cloth
spring onion earrings,character,cloth
tomato earrings,character,cloth
carrot earrings,character,cloth
ghost earrings,character,cloth
rainbow earrings,character,cloth
angel earrings,character,cloth
sun earrings,character,cloth
africa earrings,character,cloth
potara earrings,character,cloth
pokeball earrings,character,cloth
hanafuda earrings,character,cloth
kundan earrings,character,cloth
magatama earrings,character,cloth
ankh earrings,character,cloth
akg k-series headphones,character,cloth
behind-the-head headphones,character,cloth
headphones for animal ears,character,cloth
humagear headphones,character,cloth
bunny headphones,character,cloth
rabbit ear headphones,character,cloth
cat ear headphones,character,cloth
animal ear headphones,character,cloth
winged headphones,character,cloth
headphones on animal ears,character,cloth
headphones over headwear,character,cloth
earmuffs,character,cloth
ear protection,character,cloth
earbuds,character,cloth
belt bra,character,cloth
chest belt,character,cloth
high-waist belt,character,cloth
sam browne belt,character,cloth
shoulder belt,character,cloth
thigh belt,character,cloth
gem belt,character,cloth
championship belt,character,cloth
chain belt,character,cloth
crossed belts,character,cloth
gunbelt,character,cloth
loose belt,character,cloth
long belt,character,cloth
martial arts belt,character,cloth
o-ring belt,character,cloth
rope belt,character,cloth
string belt,character,cloth
studded belt,character,cloth
torn belt,character,cloth
camouflage belt,character,cloth
plaid belt,character,cloth
striped belt,character,cloth
multiple belts,character,cloth
naked belt,character,cloth
open belt,character,cloth
bandolier,character,cloth
belt bag,character,cloth
belt pouch,character,cloth
belt buckle,character,cloth
book holster,character,cloth
utility belt,character,cloth
wallet chain,character,cloth
ammunition belt,character,cloth
chastity belt,character,cloth
garter belt,character,cloth
button gap,character,cloth
large buttons,character,cloth
multicolored buttons,character,cloth
flying button,character,cloth
popped button,character,cloth
unbuttoned,character,cloth
second button,character,cloth
wristwatch,character,cloth
pendant watch,character,cloth
pocket watch,character,cloth
stopwatch,character,cloth
center opening,character,cloth
crotch zipper,character,cloth
full-length zipper,character,cloth
open fly,character,cloth
partially unzipped,character,cloth
unzipped,character,cloth
ear piercing,character,cloth
industrial piercing,character,cloth
animal ear piercing,character,cloth
eyebrow piercing,character,cloth
anti-eyebrow piercing,character,cloth
eyelid piercing,character,cloth
lip piercing,character,cloth
labret piercing,character,cloth
neck piercing,character,cloth
nose piercing,character,cloth
bridge piercing,character,cloth
tongue piercing,character,cloth
back piercing,character,cloth
corset piercing,character,cloth
collarbone piercing,character,cloth
navel piercing,character,cloth
wing piercing,character,cloth
bindi,character,cloth
ear ornament,character,cloth
chain hairband,character,cloth
frilled hairband,character,cloth
hair extensions,character,cloth
cyberlox,character,cloth
raccoon tails,character,cloth
ring hair extensions,character,cloth
hair flower,character,cloth
hair tubes,character,cloth
chain headband,character,cloth
head-mounted display,character,cloth
headpiece,character,cloth
head wreath,character,cloth
vinok,character,cloth
horn ornament,character,cloth
triangular headpiece,character,cloth
wig,character,cloth
bib,character,cloth
changmingsuo,character,cloth
tattoo choker,character,cloth
collar,character,cloth
collar tips,character,cloth
dog tags,character,cloth
tie clip,character,cloth
scarf choker,character,cloth
shawl,character,cloth
arm garter,character,cloth
arm ribbon,character,cloth
cuff links,character,cloth
epaulettes,character,cloth
buttoned cuffs,character,cloth
wrist flower,character,cloth
wrist straps,character,cloth
ankle garter,character,cloth
barefoot sandals,character,cloth
calflet,character,cloth
knee strap,character,cloth
leg ribbon,character,cloth
thigh ribbon,character,cloth
fur leg warmers,character,cloth
aiguillette,character,cloth
belly chain,character,cloth
belt,character,cloth
belt charm,character,cloth
tail keychain,character,cloth
belt skirt,character,cloth
chatelaine,character,cloth
body jewelry,character,cloth
bustle,character,cloth
clothes around waist,character,cloth
fake tail,character,cloth
fanny pack,character,cloth
harness,character,cloth
chest harness,character,cloth
haori himo,character,cloth
obi,character,cloth
inrou,character,cloth
obiage,character,cloth
obidome,character,cloth
obijime,character,cloth
pocket square,character,cloth
waist sash,character,cloth
cummerbund,character,cloth
shimenawa,character,cloth
shirt stay,character,cloth
suspenders,character,cloth
sweater guard,character,cloth
waist cape,character,cloth
yaopei,character,cloth
bling,character,cloth
cameo,character,cloth
grills,character,cloth
medallion,character,cloth
norigae,character,cloth
middle ring,character,cloth
sautoir,character,cloth
torc,character,cloth
bead bracelet,character,cloth
chain bracelet,character,cloth
friendship bracelet,character,cloth
animal bag,character,cloth
backpack,character,cloth
randoseru,character,cloth
briefcase,character,cloth
character bag,character,cloth
character backpack,character,cloth
clutch purse,character,cloth
coin purse,character,cloth
drawstring bag,character,cloth
duffel bag,character,cloth
food-themed bag,character,cloth
gigbag,character,cloth
handbag,character,cloth
barrel bag,character,cloth
half moon bag,character,cloth
heart-shaped bag,character,cloth
itabag,character,cloth
leather bag,character,cloth
mesh bag,character,cloth
omamori,character,cloth
pouch,character,cloth
bokjumeoni,character,cloth
round bag,character,cloth
saddlebags,character,cloth
satchel,character,cloth
school bag,character,cloth
shoulder bag,character,cloth
messenger bag,character,cloth
star-shaped bag,character,cloth
suitcase,character,cloth
tote bag,character,cloth
waterskin,character,cloth
badge,character,cloth
bandages,character,cloth
bandaid,character,cloth
beads,character,cloth
prayer beads,character,cloth
rosary,character,cloth
bell,character,cloth
jingle bell,character,cloth
bow,character,cloth
buckle,character,cloth
buttons,character,cloth
button badge,character,cloth
charm,character,cloth
bag charm,character,cloth
cellphone charm,character,cloth
character charm,character,cloth
chinese knot,character,cloth
decoden,character,cloth
flower trim,character,cloth
frills,character,cloth
fur trim,character,cloth
gem,character,cloth
rhinestone,character,cloth
lace,character,cloth
nail art,character,cloth
fake nails,character,cloth
nail ornament,character,cloth
o-ring,character,cloth
heart o-ring,character,cloth
pocket,character,cloth
pom pom,character,cloth
ribbon,character,cloth
spikes,character,cloth
sticker,character,cloth
tassel,character,cloth
zipper,character,cloth
zipper pull tab,character,cloth
cane,character,cloth
cellphone strap,character,cloth
cigarette holder,character,cloth
mp3 player,character,cloth
digital walkman,character,cloth
ipod,character,cloth
dust plug,character,cloth
hand fan,character,cloth
folding fan,character,cloth
tuanshan,character,cloth
handkerchief,character,cloth
muff,character,cloth
pencil case,character,cloth
pop socket,character,cloth
tail ornament,character,cloth
umbrella,character,cloth
folding umbrella,character,cloth
parasol,character,cloth
virtual pet,character,cloth
wallet,character,cloth
hakoseko,character,cloth
watch,character,cloth
wing ornament,character,cloth
military rank insignia,character,cloth
black belt,character,cloth
multiple ear piercings,character,cloth
dangle earrings,character,cloth
aqua ribbon,character,cloth
black ribbon,character,cloth
blonde ribbon,character,cloth
blue ribbon,character,cloth
brown ribbon,character,cloth
green ribbon,character,cloth
grey ribbon,character,cloth
orange ribbon,character,cloth
pink ribbon,character,cloth
purple ribbon,character,cloth
red ribbon,character,cloth
white ribbon,character,cloth
aqua nail,character,cloth
black nail,character,cloth
blonde nail,character,cloth
blue nail,character,cloth
brown nail,character,cloth
green nail,character,cloth
grey nail,character,cloth
orange nail,character,cloth
pink nail,character,cloth
purple nail,character,cloth
red nail,character,cloth
white nail,character,cloth
multiple girls,character,cloth
jewelry,character,cloth
penis,character,cloth
pussy,character,cloth
speech bubble,character,cloth
nail polish,character,cloth
english text,character,cloth
bag,character,cloth
animal ear fluff,character,cloth
piercing,character,cloth
headgear,character,cloth
bound,character,cloth
scrunchie,character,cloth
red nails,character,cloth
sheath,character,cloth
toenails,character,cloth
beard,character,cloth
waist apron,character,cloth
dot nose,character,cloth
blue nails,character,cloth
pink nails,character,cloth
pom pom (clothes),character,cloth
covering privates,character,cloth
single earring,character,cloth
restrained,character,cloth
bracelets,character,cloth
tress ribbon,character,cloth
cross hair ornament,character,cloth
unworn mask,character,cloth
monocle chain,character,cloth
parallel hairclips,character,cloth
yellow ribbon,character,cloth
multiple hair bows,character,cloth
blue capelet,character,cloth
lightning bolt hair ornament,character,cloth
bloomers,character,cloth
buruma,character,cloth
chaps,character,cloth
kilt,character,cloth
pants,character,cloth
bell-bottoms,character,cloth
capri pants,character,cloth
detached pants,character,cloth
jeans,character,cloth
cutoff jeans,character,cloth
lowleg pants,character,cloth
pants rolled up,character,cloth
yoga pants,character,cloth
pelvic curtain,character,cloth
petticoat,character,cloth
sarong,character,cloth
shorts,character,cloth
bike shorts,character,cloth
denim shorts,character,cloth
dolphin shorts,character,cloth
gym shorts,character,cloth
lowleg shorts,character,cloth
micro shorts,character,cloth
pleated shorts,character,cloth
short shorts,character,cloth
shorts under skirt,character,cloth
skirt,character,cloth
bubble skirt,character,cloth
cargo skirt,character,cloth
high-waist skirt,character,cloth
long skirt,character,cloth
lowleg skirt,character,cloth
microskirt,character,cloth
miniskirt,character,cloth
overall skirt,character,cloth
overskirt,character,cloth
plaid skirt,character,cloth
tartan skirt,character,cloth
kilt skirt,character,cloth
pleated skirt,character,cloth
showgirl skirt,character,cloth
suspender skirt,character,cloth
tutu,character,cloth
cargo pants,character,cloth
suit pants,character,cloth
harem pants,character,cloth
hakama pants,character,cloth
jodhpurs,character,cloth
leather pants,character,cloth
pant suit,character,cloth
track pants,character,cloth
tear-away pants,character,cloth
sweatpants,character,cloth
asymmetrical pants,character,cloth
crotchless pants,character,cloth
cross-laced pants,character,cloth
backless pants,character,cloth
baggy pants,character,cloth
frilled pants,character,cloth
fringe-trimmed pants,character,cloth
front-tie pants,character,cloth
fur pants,character,cloth
fur-trimmed pants,character,cloth
latex pants,character,cloth
high-waist pants,character,cloth
high-visibility pants,character,cloth
mismatched pants,character,cloth
no pants,character,cloth
pants tied over head,character,cloth
puffy pants,character,cloth
pumpkin-shaped pants,character,cloth
ribbed pants,character,cloth
ribbon-trimmed pants,character,cloth
tight pants,character,cloth
sagging pants,character,cloth
single pantsleg,character,cloth
spiked pants,character,cloth
stitched pants,character,cloth
studded pants,character,cloth
suspender pants,character,cloth
aqua pants,character,cloth
black pants,character,cloth
blue pants,character,cloth
brown pants,character,cloth
green pants,character,cloth
grey pants,character,cloth
multicolored pants,character,cloth
orange pants,character,cloth
pink pants,character,cloth
purple pants,character,cloth
red pants,character,cloth
two-tone pants,character,cloth
white pants,character,cloth
yellow pants,character,cloth
argyle pants,character,cloth
gingham pants,character,cloth
pinstripe pants,character,cloth
plaid pants,character,cloth
print pants,character,cloth
striped pants,character,cloth
vertical-striped pants,character,cloth
medium skirt,character,cloth
armored skirt,character,cloth
asymmetrical skirt,character,cloth
button up skirt,character,cloth
cross-laced skirt,character,cloth
flower underskirt,character,cloth
fruit underskirt,character,cloth
half-skirt,character,cloth
hobble skirt,character,cloth
hoop skirt,character,cloth
layered skirt,character,cloth
see-through skirt layer,character,cloth
pencil skirt,character,cloth
pumpkin skirt,character,cloth
side-tie skirt,character,cloth
skort,character,cloth
spank skirt,character,cloth
tennis skirt,character,cloth
torn skirt,character,cloth
ufo skirt,character,cloth
wrap skirt,character,cloth
zipper skirt,character,cloth
chima,character,cloth
dhoti,character,cloth
fustanella,character,cloth
hakama skirt,character,cloth
hakama short skirt,character,cloth
shendyt,character,cloth
aoqun,character,cloth
qungua,character,cloth
ruqun,character,cloth
mamianqun,character,cloth
bike shorts under skirt,character,cloth
bikini skirt,character,cloth
bikini under skirt,character,cloth
buruma under skirt,character,cloth
kimono skirt,character,cloth
pants under skirt,character,cloth
serafuku,character,cloth
skirt under dress,character,cloth
skirt under kimono,character,cloth
skirt suit,character,cloth
skirt set,character,cloth
skousers,character,cloth
swimsuit skirt,character,cloth
denim skirt,character,cloth
grass skirt,character,cloth
latex skirt,character,cloth
leaf skirt,character,cloth
leather skirt,character,cloth
american flag skirt,character,cloth
argyle skirt,character,cloth
camouflage skirt,character,cloth
checkered skirt,character,cloth
frilled skirt,character,cloth
fur skirt,character,cloth
fur-trimmed skirt,character,cloth
gingham skirt,character,cloth
lace skirt,character,cloth
lace-trimmed skirt,character,cloth
pinstripe skirt,character,cloth
polka dot skirt,character,cloth
print skirt,character,cloth
floral print skirt,character,cloth
ribbon-trimmed skirt,character,cloth
skirt cutout,character,cloth
see-through skirt,character,cloth
spiked skirt,character,cloth
studded skirt,character,cloth
striped skirt,character,cloth
two-sided skirt,character,cloth
aqua skirt,character,cloth
black skirt,character,cloth
blue skirt,character,cloth
brown skirt,character,cloth
green skirt,character,cloth
grey skirt,character,cloth
orange skirt,character,cloth
pink skirt,character,cloth
purple skirt,character,cloth
red skirt,character,cloth
white skirt,character,cloth
yellow skirt,character,cloth
gradient skirt,character,cloth
multicolored skirt,character,cloth
rainbow skirt,character,cloth
two-tone skirt,character,cloth
impossible skirt,character,cloth
naked skirt,character,cloth
circle skirt,character,cloth
convenient skirt,character,cloth
taut skirt,character,cloth
tied skirt,character,cloth
wet skirt,character,cloth
high-waist shorts,character,cloth
baggy shorts,character,cloth
taut shorts,character,cloth
bikini shorts,character,cloth
boxers,character,cloth
boxing shorts,character,cloth
cargo shorts,character,cloth
cutoffs,character,cloth
highleg shorts,character,cloth
puffy shorts,character,cloth
hakama shorts,character,cloth
ribbon-trimmed shorts,character,cloth
see-through shorts,character,cloth
side slit shorts,character,cloth
suspender shorts,character,cloth
camouflage shorts,character,cloth
checkered shorts,character,cloth
pinstripe shorts,character,cloth
plaid shorts,character,cloth
polka dot shorts,character,cloth
striped shorts,character,cloth
shorts around one leg,character,cloth
black buruma,character,cloth
aqua serafuku,character,cloth
black serafuku,character,cloth
blonde serafuku,character,cloth
blue serafuku,character,cloth
brown serafuku,character,cloth
green serafuku,character,cloth
grey serafuku,character,cloth
orange serafuku,character,cloth
pink serafuku,character,cloth
purple serafuku,character,cloth
red serafuku,character,cloth
white serafuku,character,cloth
blonde skirt,character,cloth
aqua shorts,character,cloth
black shorts,character,cloth
blonde shorts,character,cloth
blue shorts,character,cloth
brown shorts,character,cloth
green shorts,character,cloth
grey shorts,character,cloth
orange shorts,character,cloth
pink shorts,character,cloth
purple shorts,character,cloth
red shorts,character,cloth
white shorts,character,cloth
aqua pant,character,cloth
black pant,character,cloth
blonde pant,character,cloth
blue pant,character,cloth
green pant,character,cloth
grey pant,character,cloth
orange pant,character,cloth
pink pant,character,cloth
purple pant,character,cloth
red pant,character,cloth
white pant,character,cloth
skindentation,character,cloth
torn pants,character,cloth
long flowing skirt,character,cloth
eyepatch,character,cloth
grass,character,cloth
glasses,character,cloth
goggles,character,cloth
monocle,character,cloth
sunglasses,character,cloth
aqua-framed eyewear,character,cloth
black-framed eyewear,character,cloth
blue-framed eyewear,character,cloth
brown-framed eyewear,character,cloth
green-framed eyewear,character,cloth
grey-framed eyewear,character,cloth
orange-framed eyewear,character,cloth
pink-framed eyewear,character,cloth
purple-framed eyewear,character,cloth
red-framed eyewear,character,cloth
white-framed eyewear,character,cloth
two-tone eyewear,character,cloth
yellow-framed eyewear,character,cloth
aqua-tinted eyewear,character,cloth
blue-tinted eyewear,character,cloth
brown-tinted eyewear,character,cloth
gradient-tinted eyewear,character,cloth
green-tinted eyewear,character,cloth
grey-tinted eyewear,character,cloth
multicolor-tinted eyewear,character,cloth
rainbow-tinted eyewear,character,cloth
orange-tinted eyewear,character,cloth
pink-tinted eyewear,character,cloth
purple-tinted eyewear,character,cloth
red-tinted eyewear,character,cloth
yellow-tinted eyewear,character,cloth
animal-themed eyewear,character,cloth
cat eye-framed eyewear,character,cloth
food-themed eyewear,character,cloth
heart-shaped eyewear,character,cloth
rectangular eyewear,character,cloth
rimless eyewear,character,cloth
round eyewear,character,cloth
semi-circular eyewear,character,cloth
semi-rimless eyewear,character,cloth
over-rim eyewear,character,cloth
under-rim eyewear,character,cloth
teardrop-framed glasses,character,cloth
triangular eyewear,character,cloth
tortoiseshell-framed eyewear,character,cloth
eyewear strap,character,cloth
glasses case,character,cloth
nose pads,character,cloth
3D glasses,character,cloth
aviator glasses,character,cloth
coke-bottle glasses,character,cloth
diving mask,character,cloth
novelty glasses,character,cloth
star-shaped eyewear,character,cloth
aviator goggles,character,cloth
groucho glasses,character,cloth
lorgnette,character,cloth
opaque glasses,character,cloth
opera glasses,character,cloth
pince-nez,character,cloth
safety glasses,character,cloth
scouter,character,cloth
ski goggles,character,cloth
X-ray glasses,character,cloth
aviator sunglasses,character,cloth
Kamina shades,character,cloth
shutter shades,character,cloth
Simon shades,character,cloth
pixel sunglasses,character,cloth
contact lens,character,cloth
eyewear on head,character,cloth
denim,character,cloth
aristocratic clothes,character,cloth
biker clothes,character,cloth
casual,character,cloth
goth fashion,character,cloth
hip hop,character,cloth
punk,character,cloth
raver,character,cloth
streetwear,character,cloth
techwear,character,cloth
winter clothes,character,cloth
1950s fashion,character,cloth
1960s fashion,character,cloth
1970s fashion,character,cloth
1980s fashion,character,cloth
1990s fashion,character,cloth
y2k fashion,character,cloth
bodycon,character,cloth
cyber fashion,character,cloth
decora,character,cloth
fairy kei,character,cloth
french girly,character,cloth
gothic punk,character,cloth
hadeko,character,cloth
himekaji,character,cloth
idol clothes,character,cloth
jirai kei,character,cloth
gyaru,character,cloth
agejo gyaru,character,cloth
amekaji gyaru,character,cloth
amesuku gyaru,character,cloth
ganguro,character,cloth
gyaruo,character,cloth
hime gyaru,character,cloth
kogal,character,cloth
manba gyaru,character,cloth
onee gyaru,character,cloth
rokku gyaru,character,cloth
lolita fasion,character,cloth
classic lolita,character,cloth
country lolita,character,cloth
gothic lolita,character,cloth
hime lolita,character,cloth
jo lolita,character,cloth
military lolita,character,cloth
punk lolita,character,cloth
qi lolita,character,cloth
sweet lolita,character,cloth
viet lolita,character,cloth
wa lolita,character,cloth
balletcore,character,cloth
beatnik,character,cloth
cybergoth,character,cloth
e-kid fashion,character,cloth
emo fashion,character,cloth
greaser fashion,character,cloth
grunge,character,cloth
hipster,character,cloth
mcbling,character,cloth
military goth,character,cloth
mod fashion,character,cloth
office siren,character,cloth
pastel goth,character,cloth
perky goth,character,cloth
rockabilly,character,cloth
scene fashion,character,cloth
trad goth,character,cloth
wishcore,character,cloth
yabi fashion,character,cloth
african clothes,character,cloth
ainu clothes,character,cloth
ancient egyptian clothes,character,cloth
arabian clothes,character,cloth
colombian clothes,character,cloth
dutch clothes,character,cloth
flapper girl,character,cloth
french clothes,character,cloth
german clothes,character,cloth
greco-roman clothes,character,cloth
hawaiian clothes,character,cloth
asian indian clothes,character,cloth
indonesian clothes,character,cloth
italian clothes,character,cloth
kazakh clothes,character,cloth
malaysian clothes,character,cloth
manchu clothes,character,cloth
mayan clothes,character,cloth
mexican clothes,character,cloth
miao clothes,character,cloth
minoan clothes,character,cloth
mongolian clothes,character,cloth
native american clothes,character,cloth
polish clothes,character,cloth
renaissance clothes,character,cloth
rococo movement,character,cloth
russian clothes,character,cloth
slavic clothes,character,cloth
spanish clothes,character,cloth
swedish clothes,character,cloth
thai clothes,character,cloth
tibetan clothes,character,cloth
turkish clothes,character,cloth
ukrainian clothes,character,cloth
victorian,character,cloth
vietnamese clothes,character,cloth
cosplay,character,cloth
plaid clothes,character,cloth
covered navel,character,cloth
clothes pull,character,cloth
multicolored clothes,character,cloth
wet clothes,character,cloth
clothes writing,character,cloth
shoes,character,cloth
boots,character,cloth
ankle boots,character,cloth
armored boots,character,cloth
cowboy boots,character,cloth
spurs,character,cloth
high heel boots,character,cloth
knee boots,character,cloth
lace-up boots,character,cloth
rubber boots,character,cloth
thigh boots,character,cloth
work boots,character,cloth
cross-laced footwear,character,cloth
ankle lace-up,character,cloth
cross-laced sandals,character,cloth
cross-laced shoes,character,cloth
cross-laced slit,character,cloth
sneakers,character,cloth
high tops,character,cloth
converse,character,cloth
dress shoes,character,cloth
loafers,character,cloth
kiltie loafers,character,cloth
oxfords,character,cloth
saddle shoes,character,cloth
flats,character,cloth
footwear ribbon,character,cloth
high heels,character,cloth
pumps,character,cloth
stiletto heels,character,cloth
wedge heels,character,cloth
mary janes,character,cloth
platform footwear,character,cloth
okobo,character,cloth
platform boots,character,cloth
platform heels,character,cloth
platform sandals,character,cloth
platform shoes,character,cloth
pointy boots,character,cloth
pointy shoes,character,cloth
sandals,character,cloth
flip-flops,character,cloth
gladiator sandals,character,cloth
geta,character,cloth
sports sandals,character,cloth
waraji,character,cloth
zouri,character,cloth
monk shoes,character,cloth
open-toe boots,character,cloth
open-toe shoes,character,cloth
slippers,character,cloth
animal slippers,character,cloth
ballet slippers,character,cloth
crocs,character,cloth
uwabaki,character,cloth
spats,character,cloth
winged,character,cloth
winged boots,character,cloth
winged sandals,character,cloth
winged shoes,character,cloth
winged slippers,character,cloth
clogs,character,cloth
mary janes shoe,character,cloth
penny loafers,character,cloth
tassel loafers,character,cloth
block heels,character,cloth
christian louboutin heels,character,cloth
d'orsay heels,character,cloth
high heel slides,character,cloth
high heel sandals,character,cloth
high heel sneakers,character,cloth
kitten heels,character,cloth
low block heels,character,cloth
strappy heels,character,cloth
trapeze heels,character,cloth
flats shoe,character,cloth
gomusin,character,cloth
yuntouxie,character,cloth
slides,character,cloth
t-bar sandals,character,cloth
adidas sneakers,character,cloth
air jordan sneakers,character,cloth
asics sneakers,character,cloth
converse sneakers,character,cloth
new balance sneakers,character,cloth
reebok sneakers,character,cloth
reebok pumps,character,cloth
nike sneakers,character,cloth
high tops sneakers,character,cloth
puma sneakers,character,cloth
yeezy sneakers,character,cloth
footwear bow,character,cloth
large shoes,character,cloth
no shoes,character,cloth
paw shoes,character,cloth
roller shoes,character,cloth
rudder footwear,character,cloth
toeless footwear,character,cloth
single shoe,character,cloth
shoe soles,character,cloth
spiked shoes,character,cloth
hull shoes,character,cloth
mizugumo,character,cloth
moccasins,character,cloth
colored shoe interior,character,cloth
colored shoe soles,character,cloth
aqua shoes,character,cloth
black shoes,character,cloth
blue shoes,character,cloth
brown shoes,character,cloth
green shoes,character,cloth
grey shoes,character,cloth
orange shoes,character,cloth
pink shoes,character,cloth
purple shoes,character,cloth
red shoes,character,cloth
white shoes,character,cloth
yellow shoes,character,cloth
plaid footwear,character,cloth
polka dot footwear,character,cloth
fur boots,character,cloth
latex boots,character,cloth
leather boots,character,cloth
ballet boots,character,cloth
belt boots,character,cloth
combat boots,character,cloth
frilled boots,character,cloth
fur-trimmed boots,character,cloth
riding boots,character,cloth
snow boots,character,cloth
spiked boots,character,cloth
ugg boots,character,cloth
fold-over boots,character,cloth
aqua boots,character,cloth
black boots,character,cloth
blue boots,character,cloth
brown boots,character,cloth
green boots,character,cloth
grey boots,character,cloth
orange boots,character,cloth
pink boots,character,cloth
purple boots,character,cloth
red boots,character,cloth
white boots,character,cloth
yellow boots,character,cloth
unworn boots,character,cloth
putting on footwear,character,cloth
single boot,character,cloth
single thigh boot,character,cloth
single knee boot,character,cloth
thighhighs under boots,character,cloth
torn boots,character,cloth
bare foots,character,cloth
blonde shoes,character,cloth
black footwear,character,cloth
brown footwear,character,cloth
soles,character,cloth
white footwear,character,cloth
red footwear,character,cloth
bikesuit,character,cloth
racing suit,character,cloth
bodystocking,character,cloth
bodysuit,character,cloth
wetsuit,character,cloth
springsuit,character,cloth
jumpsuit,character,cloth
short jumpsuit,character,cloth
leotard,character,cloth
see-through leotard,character,cloth
strapless leotard,character,cloth
playboy bunny,character,cloth
swimsuit,character,cloth
competition swimsuit,character,cloth
slingshot swimsuit,character,cloth
bikini,character,cloth
leaf bikini,character,cloth
string bikini,character,cloth
micro bikini,character,cloth
side-tie bikini bottom,character,cloth
lowleg bikini,character,cloth
thong bikini,character,cloth
venus bikini,character,cloth
sports bikini,character,cloth
tankini,character,cloth
swim briefs (speedo),character,cloth
jammers,character,cloth
legskin,character,cloth
bathrobe,character,cloth
open robe,character,cloth
kesa,character,cloth
romper,character,cloth
tunic,character,cloth
unitard,character,cloth
skin tight,character,cloth
catsuit,character,cloth
skin suit (stellar blade),character,cloth
stillsuit (dune),character,cloth
zentai bodysuit,character,cloth
zero bodysuit,character,cloth
latex bodysuit,character,cloth
leather bodysuit,character,cloth
spandex bodysuit,character,cloth
aqua bodysuit,character,cloth
black bodysuit,character,cloth
blue bodysuit,character,cloth
brown bodysuit,character,cloth
green bodysuit,character,cloth
grey bodysuit,character,cloth
orange bodysuit,character,cloth
pink bodysuit,character,cloth
purple bodysuit,character,cloth
red bodysuit,character,cloth
white bodysuit,character,cloth
yellow bodysuit,character,cloth
multicolored bodysuit,character,cloth
sleeveless bodysuit,character,cloth
bodysuit under clothes,character,cloth
aqua jumpsuit,character,cloth
black jumpsuit,character,cloth
blue jumpsuit,character,cloth
brown jumpsuit,character,cloth
green jumpsuit,character,cloth
grey jumpsuit,character,cloth
orange jumpsuit,character,cloth
pink jumpsuit,character,cloth
purple jumpsuit,character,cloth
red jumpsuit,character,cloth
white jumpsuit,character,cloth
yellow jumpsuit,character,cloth
two-tone jumpsuit,character,cloth
bruce lee's jumpsuit,character,cloth
collared jumpsuit,character,cloth
flight suit,character,cloth
fur-trimmed jumpsuit,character,cloth
hooded jumpsuit,character,cloth
onesie,character,cloth
sleeveless jumpsuit,character,cloth
vault suit,character,cloth
jumpsuit around waist,character,cloth
open jumpsuit,character,cloth
torn jumpsuit,character,cloth
aqua leotard,character,cloth
black leotard,character,cloth
blue leotard,character,cloth
brown leotard,character,cloth
gold leotard,character,cloth
green leotard,character,cloth
grey leotard,character,cloth
orange leotard,character,cloth
pink leotard,character,cloth
purple leotard,character,cloth
red leotard,character,cloth
silver leotard,character,cloth
white leotard,character,cloth
yellow leotard,character,cloth
armored leotard,character,cloth
athletic leotard,character,cloth
backless leotard,character,cloth
breastless leotard,character,cloth
crotchless leotard,character,cloth
cross-laced leotard,character,cloth
frilled leotard,character,cloth
fishnet leotard,character,cloth
gradient leotard,character,cloth
halter leotard,character,cloth
highleg leotard,character,cloth
impossible leotard,character,cloth
leotard peek,character,cloth
leotard under clothes,character,cloth
multicolored leotard,character,cloth
open leotard,character,cloth
open-bust leotard,character,cloth
print leotard,character,cloth
ribbed leotard,character,cloth
side-tie leotard,character,cloth
sleeved leotard,character,cloth
thong leotard,character,cloth
torn leotard,character,cloth
turtleneck leotard,character,cloth
two-tone leotard,character,cloth
zipper leotard,character,cloth
checkered bikini,character,cloth
maid bikini,character,cloth
o-ring bikini,character,cloth
o-ring top,character,cloth
o-ring bottom,character,cloth
shell bikini,character,cloth
rash guard (swim shirt),character,cloth
old-fashioned swimsuit,character,cloth
one-piece swimsuit,character,cloth
casual one-piece swimsuit,character,cloth
dress swimsuit,character,cloth
gris swimsuit,character,cloth
monokini,character,cloth
sling bikini,character,cloth
bow swimsuit,character,cloth
frilled one-piece swimsuit,character,cloth
frilled bikini,character,cloth
highleg one-piece swimsuit,character,cloth
highleg bikini,character,cloth
polka dot swimsuit,character,cloth
polka dot bikini,character,cloth
striped one-piece swimsuit,character,cloth
striped bikini,character,cloth
g-string,character,cloth
thong,character,cloth
aqua one-piece swimsuit,character,cloth
black one-piece swimsuit,character,cloth
blue one-piece swimsuit,character,cloth
brown one-piece swimsuit,character,cloth
green one-piece swimsuit,character,cloth
grey one-piece swimsuit,character,cloth
orange one-piece swimsuit,character,cloth
pink one-piece swimsuit,character,cloth
red one-piece swimsuit,character,cloth
purple one-piece swimsuit,character,cloth
white one-piece swimsuit,character,cloth
yellow one-piece swimsuit,character,cloth
gold one-piece swimsuit,character,cloth
silver one-piece swimsuit,character,cloth
swim briefs,character,cloth
swim trunks,character,cloth
fundoshi,character,cloth
bikini top lift,character,cloth
bikini bottom only,character,cloth
bikini top only,character,cloth
hand under swimsuit,character,cloth
impossible swimsuit,character,cloth
swim cap,character,cloth
swimsuit costume,character,cloth
swimsuit under clothes,character,cloth
swimsuit cover-up,character,cloth
torn swimsuit,character,cloth
hooded robe,character,cloth
blonde jumpsuit,character,cloth
blonde leotard,character,cloth
blonde bodysuit,character,cloth
aqua swimsuit,character,cloth
black swimsuit,character,cloth
blonde swimsuit,character,cloth
blue swimsuit,character,cloth
brown swimsuit,character,cloth
green swimsuit,character,cloth
grey swimsuit,character,cloth
orange swimsuit,character,cloth
pink swimsuit,character,cloth
purple swimsuit,character,cloth
red swimsuit,character,cloth
white swimsuit,character,cloth
white bikini,character,cloth
high-neck suit,character,cloth
elbow gloves,character,cloth
fingerless gloves,character,cloth
partially fingerless gloves,character,cloth
fold-over gloves,character,cloth
glove cuffs,character,cloth
half gloves,character,cloth
paw gloves,character,cloth
cat paws,character,cloth
torn gloves,character,cloth
layered gloves,character,cloth
cross-laced gloves,character,cloth
glove cutout,character,cloth
print gloves,character,cloth
striped gloves,character,cloth
paw print palms,character,cloth
cow print gloves,character,cloth
glove bow,character,cloth
spiked gloves,character,cloth
fur-trimmed gloves,character,cloth
frilled gloves,character,cloth
lace-trimmed gloves,character,cloth
ribbon-trimmed gloves,character,cloth
single glove,character,cloth
mismatched gloves,character,cloth
single elbow glove,character,cloth
single fingerless glove,character,cloth
uneven gloves,character,cloth
yugake,character,cloth
unworn gloves,character,cloth
archery shooting glove,character,cloth
artist glove,character,cloth
falconry glove,character,cloth
fishnet gloves,character,cloth
lace gloves,character,cloth
latex gloves,character,cloth
leather gloves,character,cloth
rubber gloves,character,cloth
see-through gloves,character,cloth
aqua gloves,character,cloth
black gloves,character,cloth
blue gloves,character,cloth
brown gloves,character,cloth
green gloves,character,cloth
grey gloves,character,cloth
multicolored gloves,character,cloth
orange gloves,character,cloth
pink gloves,character,cloth
purple gloves,character,cloth
red gloves,character,cloth
white gloves,character,cloth
yellow gloves,character,cloth
mechanical hands,character,cloth
baseball mitt,character,cloth
boxing gloves,character,cloth
bridal gauntlets,character,cloth
finger cots,character,cloth
mittens,character,cloth
oven mitts,character,cloth
hand puppets,character,cloth
bandaged hand,character,cloth
bandaid on hand,character,cloth
claw ring,character,cloth
finger puppet,character,cloth
hand chains,character,cloth
string around finger,character,cloth
string of fate,character,cloth
thimble,character,cloth
butterfly ring,character,cloth
ornate ring,character,cloth
finger bow,character,cloth
wedding ring,character,cloth
finger tattoo,character,cloth
hand eye,character,cloth
hand jewel,character,cloth
hand mouth,character,cloth
hand tattoo,character,cloth
blonde gloves,character,cloth
interlocked fingers,character,cloth
crown,character,cloth
hat,character,cloth
helmet,character,cloth
aqua hat,character,cloth
black hat,character,cloth
blue hat,character,cloth
brown hat,character,cloth
green hat,character,cloth
grey hat,character,cloth
orange hat,character,cloth
pink hat,character,cloth
purple hat,character,cloth
red hat,character,cloth
white hat,character,cloth
yellow hat,character,cloth
baseball cap,character,cloth
budenovka,character,cloth
deerstalker,character,cloth
dianzi,character,cloth
field cap,character,cloth
kepi,character,cloth
m43 field cap,character,cloth
mao cap,character,cloth
green cap,character,cloth
newsboy cap,character,cloth
peaked cap,character,cloth
rogatywka,character,cloth
shako cap,character,cloth
mini shako cap,character,cloth
bicorne,character,cloth
boater hat,character,cloth
boonie hat,character,cloth
bowler hat,character,cloth
bucket hat,character,cloth
campaign hat,character,cloth
cavalier hat,character,cloth
cloche hat,character,cloth
cowboy hat,character,cloth
straw hat,character,cloth
ajirogasa,character,cloth
amigasa,character,cloth
ayaigasa,character,cloth
ichimegasa,character,cloth
roningasa,character,cloth
sandogasa,character,cloth
torioigasa,character,cloth
ba tam,character,cloth
rice hat,character,cloth
fascinator,character,cloth
fedora,character,cloth
female service cap,character,cloth
flat cap,character,cloth
gat,character,cloth
paeraengi,character,cloth
jingasa,character,cloth
mob cap,character,cloth
picture hat,character,cloth
pirate hat,character,cloth
pith helmet,character,cloth
porkpie hat,character,cloth
shampoo hat,character,cloth
sombrero,character,cloth
sun hat,character,cloth
top hat,character,cloth
mini top hat,character,cloth
tricorne,character,cloth
trilby,character,cloth
tulip hat,character,cloth
witch hat,character,cloth
mini witch hat,character,cloth
wizard hat,character,cloth
earflap beanie,character,cloth
papakha,character,cloth
ushanka,character,cloth
ayam hat,character,cloth
bashlik,character,cloth
beanie,character,cloth
beret,character,cloth
chef hat,character,cloth
flat top chef hat,character,cloth
toque blanche,character,cloth
coif,character,cloth
dixie cup hat,character,cloth
donald duck sailor hat,character,cloth
dunce cap,character,cloth
fez hat,character,cloth
flight attendant hat,character,cloth
fur hat,character,cloth
bearskin cap,character,cloth
garrison cap,character,cloth
hennin,character,cloth
kippah,character,cloth
mian guan,character,cloth
mitre,character,cloth
mortarboard,character,cloth
nightcap,character,cloth
nurse cap,character,cloth
party hat,character,cloth
pillbox hat,character,cloth
qingdai guanmao,character,cloth
guapi mao,character,cloth
sailor hat,character,cloth
sajkaca,character,cloth
santa hat,character,cloth
mini santa hat,character,cloth
songkok,character,cloth
tam o' shanter,character,cloth
tate eboshi,character,cloth
tengai,character,cloth
tokin hat,character,cloth
tsunokakushi,character,cloth
xiezhi guan,character,cloth
animal hat,character,cloth
hat with ears,character,cloth
deviruchi hat,character,cloth
bear hat,character,cloth
rabbit hat,character,cloth
cat hat,character,cloth
dog hat,character,cloth
fox hat,character,cloth
pelt,character,cloth
penguin hat,character,cloth
wolf hat,character,cloth
eggshell hat,character,cloth
pumpkin hat,character,cloth
Adrian helmet,character,cloth
Altyn helmet,character,cloth
American football helmet,character,cloth
animal ear helmet,character,cloth
baseball helmet,character,cloth
bicycle helmet,character,cloth
Brodie helmet,character,cloth
diving helmet,character,cloth
dragoon helmet,character,cloth
fishbowl helmet,character,cloth
hard hat,character,cloth
headlamp,character,cloth
helm,character,cloth
horned helmet,character,cloth
kabuto,character,cloth
kettle helm,character,cloth
M1 helmet,character,cloth
motorcycle helmet,character,cloth
Pickelhaube,character,cloth
pilot helmet,character,cloth
sallet,character,cloth
space helmet,character,cloth
Stahlhelm,character,cloth
tank helmet,character,cloth
winged helmet,character,cloth
circlet,character,cloth
diadem,character,cloth
fengguan,character,cloth
mini crown,character,cloth
saishi,character,cloth
tiara,character,cloth
aviator cap,character,cloth
balaclava,character,cloth
bandana,character,cloth
bonnet,character,cloth
dalachi,character,cloth
kokoshnik,character,cloth
Futou,character,cloth
headscarf,character,cloth
hijab,character,cloth
jester cap,character,cloth
dongpo jin,character,cloth
tang jin,character,cloth
zhouzi jin,character,cloth
keffiyeh,character,cloth
bowl hat,character,cloth
bloomers on head,character,cloth
book on head,character,cloth
bra on head,character,cloth
bucket on head,character,cloth
food on head,character,cloth
panties on head,character,cloth
traffic cone on head,character,cloth
okosozukin,character,cloth
shower cap,character,cloth
shufa guan,character,cloth
tenugui,character,cloth
turban,character,cloth
visor cap,character,cloth
veil,character,cloth
zhuang hat,character,cloth
camouflage headwear,character,cloth
checkered headwear,character,cloth
frilled hat,character,cloth
military hat,character,cloth
mini hat,character,cloth
multicolored headwear,character,cloth
police hat,character,cloth
print headwear,character,cloth
school hat,character,cloth
chinstrap,character,cloth
hat bow,character,cloth
hat feather,character,cloth
hat flower,character,cloth
hat ornament,character,cloth
anchor hat ornament,character,cloth
butterfly hat ornament,character,cloth
character hat ornament,character,cloth
crescent hat ornament,character,cloth
dolphin hat ornament,character,cloth
food-themed hat ornament,character,cloth
fruit hat ornament,character,cloth
grape hat ornament,character,cloth
peach hat ornament,character,cloth
pumpkin hat ornament,character,cloth
gear hat ornament,character,cloth
heart hat ornament,character,cloth
holly hat ornament,character,cloth
jack-o'-lantern hat ornament,character,cloth
leaf hat ornament,character,cloth
palette hat ornament,character,cloth
star hat ornament,character,cloth
skull hat ornament,character,cloth
hat tassel,character,cloth
hat ribbon,character,cloth
lappet,character,cloth
hair bow,character,cloth
hair ribbon,character,cloth
hairband,character,cloth
headband,character,cloth
forehead protector,character,cloth
hachimaki,character,cloth
nejiri hachimaki,character,cloth
mongkhon,character,cloth
sweatband,character,cloth
headdress,character,cloth
maid headdress,character,cloth
native american headdress,character,cloth
warbonnet,character,cloth
fan hair ornament,character,cloth
halo,character,cloth
black hairband,character,cloth
goggles on head,character,cloth
thigh gap,character,cloth
socks,character,cloth
kneehighs,character,cloth
over-kneehighs,character,cloth
thighhighs,character,cloth
hiphighs,character,cloth
pantyhose,character,cloth
leggings,character,cloth
detached leggings,character,cloth
gradient legwear,character,cloth
multicolored legwear,character,cloth
multicolored leggings,character,cloth
multicolored leg warmers,character,cloth
multicolored pantyhose,character,cloth
multicolored socks,character,cloth
multicolored thighhighs,character,cloth
two-tone legwear,character,cloth
american flag legwear,character,cloth
camouflage legwear,character,cloth
checkered legwear,character,cloth
diagonal-striped legwear,character,cloth
gingham legwear,character,cloth
polka dot legwear,character,cloth
polka dot leggings,character,cloth
polka dot pantyhose,character,cloth
polka dot socks,character,cloth
polka dot thighhighs,character,cloth
rainbow legwear,character,cloth
animal ear legwear,character,cloth
bat legwear,character,cloth
bear band legwear,character,cloth
rabbit ear legwear,character,cloth
cat ear legwear,character,cloth
horn band legwear,character,cloth
aran legwear,character,cloth
armored legwear,character,cloth
bow legwear,character,cloth
cross-laced legwear,character,cloth
fishnet legwear,character,cloth
fishnet leggings,character,cloth
fishnet pantyhose,character,cloth
fishnet socks,character,cloth
fishnet thighhighs,character,cloth
fluffy legwear,character,cloth
knit legwear,character,cloth
knit leg warmers,character,cloth
knit socks,character,cloth
knit thighhighs,character,cloth
knit pantyhose,character,cloth
lace legwear,character,cloth
lace pantyhose,character,cloth
lace socks,character,cloth
lace thighhighs,character,cloth
lace-up legwear,character,cloth
lace-trimmed legwear,character,cloth
lace-trimmed leggings,character,cloth
lace-trimmed leg warmers,character,cloth
lace-trimmed pantyhose,character,cloth
lace-trimmed socks,character,cloth
lace-trimmed thighhighs,character,cloth
latex legwear,character,cloth
legwear bell,character,cloth
o-ring legwear,character,cloth
ribbed legwear,character,cloth
ribbed leg warmers,character,cloth
ribbed pantyhose,character,cloth
ribbed socks,character,cloth
ribbed thighhighs,character,cloth
seamed legwear,character,cloth
back-seamed legwear,character,cloth
front-seamed legwear,character,cloth
side-seamed legwear,character,cloth
see-through legwear,character,cloth
shiny legwear,character,cloth
side-tie legwear,character,cloth
spiked legwear,character,cloth
studded legwear,character,cloth
toeless legwear,character,cloth
bridal legwear,character,cloth
stirrup legwear,character,cloth
zipper legwear,character,cloth
fur-trimmed legwear,character,cloth
ribbon-trimmed legwear,character,cloth
alternate legwear,character,cloth
uneven legwear,character,cloth
dirty legwear,character,cloth
in legwear,character,cloth
layered legwear,character,cloth
unworn legwear,character,cloth
pantyhose under shorts,character,cloth
mismatched legwear,character,cloth
missing legwear,character,cloth
torn legwear,character,cloth
torn leggings,character,cloth
torn leg warmers,character,cloth
torn pantyhose,character,cloth
torn socks,character,cloth
torn thighhighs,character,cloth
thighband pantyhose,character,cloth
leg warmers,character,cloth
ankle socks,character,cloth
bobby socks,character,cloth
loose socks,character,cloth
tabi,character,cloth
toe socks,character,cloth
tube socks,character,cloth
bare leg,character,cloth
bandaged leg,character,cloth
black pantyhose,character,cloth
white thighhighs,character,cloth
black thighhighs,character,cloth
white socks,character,cloth
black socks,character,cloth
single thighhigh,character,cloth
striped thighhighs,character,cloth
white pantyhose,character,cloth
utility straps,character,cloth
ankle strap,character,cloth
anklet,character,cloth
arm belt,character,cloth
armband,character,cloth
armlet,character,cloth
bracelet,character,cloth
bangle,character,cloth
spiked bracelet,character,cloth
arm warmers,character,cloth
fingernails,character,cloth
garter straps,character,cloth
gloves,character,cloth
single knee pad,character,cloth
leg belt,character,cloth
legwear garter,character,cloth
ring,character,cloth
shin strap,character,cloth
thighlet,character,cloth
thigh strap,character,cloth
frilled thigh strap,character,cloth
wristband,character,cloth
wrist cuffs,character,cloth
wrist ruff,character,cloth
wrist scrunchie,character,cloth
choker,character,cloth
animal collar,character,cloth
dog collar,character,cloth
belt collar,character,cloth
frilled collar,character,cloth
fur collar,character,cloth
fur-trimmed collar,character,cloth
heart collar,character,cloth
lace-trimmed collar,character,cloth
metal collar,character,cloth
o-ring choker,character,cloth
o-ring collar,character,cloth
padlocked collar,character,cloth
pendant choker,character,cloth
spiked collar,character,cloth
studded collar,character,cloth
ribbon choker,character,cloth
bandana around neck,character,cloth
neck warmer,character,cloth
neck ring,character,cloth
neck ruff,character,cloth
scarf,character,cloth
pet cone,character,cloth
contrast collar,character,cloth
open collar,character,cloth
detached collar,character,cloth
rounded collar,character,cloth
round collar,character,cloth
turtleneck,character,cloth
crew neck,character,cloth
square neckline,character,cloth
low neckline,character,cloth
mandarin collar,character,cloth
high collar,character,cloth
mystical high collar,character,cloth
medici collar,character,cloth
popped collar,character,cloth
wing collar,character,cloth
wingtip collar,character,cloth
bib collar,character,cloth
guimpe,character,cloth
puritan collar,character,cloth
peter pan collar,character,cloth
sailor collar,character,cloth
neck bell,character,cloth
neck ribbon,character,cloth
neck tassel,character,cloth
necklace,character,cloth
bolo tie,character,cloth
cross tie,character,cloth
neckerchief,character,cloth
feather boa,character,cloth
usekh collar,character,cloth
cloak with hood down,character,cloth
shrug (clothing),character,cloth
animal around neck,character,cloth
eyewear around neck,character,cloth
goggles around neck,character,cloth
headphones around neck,character,cloth
lanyard,character,cloth
mask around neck,character,cloth
towel around neck,character,cloth
whistle around neck,character,cloth
collared,character,cloth
,character,cloth
collared blouse,character,cloth
collared cape,character,cloth
collared capelet,character,cloth
collared coat,character,cloth
collared crop top,character,cloth
collared leotard,character,cloth
collared shrug,character,cloth
collared vest,character,cloth
halter shirt,character,cloth
sailor bikini,character,cloth
turtleneck bodysuit,character,cloth
turtleneck dress,character,cloth
turtleneck jacket,character,cloth
turtleneck one-piece swimsuit,character,cloth
turtleneck shirt,character,cloth
necktie between breasts,character,cloth
checkered ascot,character,cloth
gingham ascot,character,cloth
lace-trimmed ascot,character,cloth
plaid ascot,character,cloth
striped ascot,character,cloth
torn ascot,character,cloth
gradient ascot,character,cloth
multicolored ascot,character,cloth
two-tone ascot,character,cloth
aqua ascot,character,cloth
black ascot,character,cloth
blue ascot,character,cloth
brown ascot,character,cloth
green ascot,character,cloth
grey ascot,character,cloth
orange ascot,character,cloth
pink ascot,character,cloth
red ascot,character,cloth
white ascot,character,cloth
yellow ascot,character,cloth
bowties,character,cloth
traditional bowtie,character,cloth
huge bowtie,character,cloth
argyle bowtie,character,cloth
checkered bowtie,character,cloth
plaid bowtie,character,cloth
polka dot bowtie,character,cloth
striped bowtie,character,cloth
gradient bowtie,character,cloth
multicolored bowtie,character,cloth
two-tone bowtie,character,cloth
aqua bowtie,character,cloth
black bowtie,character,cloth
blue bowtie,character,cloth
brown bowtie,character,cloth
green bowtie,character,cloth
grey bowtie,character,cloth
orange bowtie,character,cloth
pink bowtie,character,cloth
red bowtie,character,cloth
white bowtie,character,cloth
yellow bowtie,character,cloth
chokers,character,cloth
anchor choker,character,cloth
bead choker,character,cloth
bell choker,character,cloth
bow choker,character,cloth
crescent choker,character,cloth
cross choker,character,cloth
flower choker,character,cloth
frilled choker,character,cloth
fur choker,character,cloth
fur-trimmed choker,character,cloth
gold choker,character,cloth
heart choker,character,cloth
key choker,character,cloth
lace choker,character,cloth
lace-trimmed choker,character,cloth
heart ring choker,character,cloth
rabbit choker,character,cloth
silver choker,character,cloth
skull choker,character,cloth
spiked choker,character,cloth
star choker,character,cloth
striped choker,character,cloth
studded choker,character,cloth
argyle choker,character,cloth
plaid choker,character,cloth
print choker,character,cloth
aqua choker,character,cloth
black choker,character,cloth
blue choker,character,cloth
brown choker,character,cloth
green choker,character,cloth
grey choker,character,cloth
orange choker,character,cloth
pink choker,character,cloth
red choker,character,cloth
white choker,character,cloth
yellow choker,character,cloth
neckerchiefs,character,cloth
checkered neckerchief,character,cloth
striped neckerchief,character,cloth
diagonal-striped neckerchief,character,cloth
two-tone neckerchief,character,cloth
gradient neckerchief,character,cloth
multicolored,character,cloth
aqua neckerchief,character,cloth
black neckerchief,character,cloth
blue neckerchief,character,cloth
brown neckerchief,character,cloth
green neckerchief,character,cloth
grey neckerchief,character,cloth
orange neckerchief,character,cloth
pink neckerchief,character,cloth
red neckerchief,character,cloth
white neckerchief,character,cloth
yellow neckerchief,character,cloth
anchor necklace,character,cloth
bead necklace,character,cloth
bow necklace,character,cloth
carrot necklace,character,cloth
chain necklace,character,cloth
crescent necklace,character,cloth
cross necklace,character,cloth
dice necklace,character,cloth
feather necklace,character,cloth
festoon,character,cloth
flower necklace,character,cloth
lei,character,cloth
gold necklace,character,cloth
heart necklace,character,cloth
key necklace,character,cloth
lariat,character,cloth
leaf necklace,character,cloth
four-leaf clover necklace,character,cloth
lightning bolt necklace,character,cloth
magatama necklace,character,cloth
pearl necklace,character,cloth
pendant,character,cloth
amulet,character,cloth
friendship charm,character,cloth
locket,character,cloth
magatama,character,cloth
pentacle,character,cloth
plastron,character,cloth
ring necklace,character,cloth
riviere,character,cloth
shoulder necklace,character,cloth
shell necklace,character,cloth
silver necklace,character,cloth
skull necklace,character,cloth
snake necklace,character,cloth
star necklace,character,cloth
station necklace,character,cloth
strawberry necklace,character,cloth
sun necklace,character,cloth
tassel necklace,character,cloth
tooth necklace,character,cloth
aqua necktie,character,cloth
black necktie,character,cloth
blue necktie,character,cloth
brown necktie,character,cloth
green necktie,character,cloth
grey necktie,character,cloth
orange necktie,character,cloth
pink necktie,character,cloth
red necktie,character,cloth
white necktie,character,cloth
yellow necktie,character,cloth
fringe trim,character,cloth
fur scarf,character,cloth
fur-trimmed scarf,character,cloth
floating scarf,character,cloth
sentient scarf,character,cloth
see-through scarf,character,cloth
argyle scarf,character,cloth
camouflage scarf,character,cloth
polka dot scarf,character,cloth
striped scarf,character,cloth
vertical-striped scarf,character,cloth
torn scarf,character,cloth
gradient scarf,character,cloth
multicolored scarf,character,cloth
two-tone scarf,character,cloth
aqua scarf,character,cloth
black scarf,character,cloth
blue scarf,character,cloth
brown scarf,character,cloth
green scarf,character,cloth
grey scarf,character,cloth
orange scarf,character,cloth
pink scarf,character,cloth
red scarf,character,cloth
white scarf,character,cloth
yellow scarf,character,cloth
blonde necktie,character,cloth
purple necktie,character,cloth
blonde bowtie,character,cloth
purple bowtie,character,cloth
aqua chocker,character,cloth
black chocker,character,cloth
blonde chocker,character,cloth
blue chocker,character,cloth
brown chocker,character,cloth
green chocker,character,cloth
grey chocker,character,cloth
orange chocker,character,cloth
pink chocker,character,cloth
purple chocker,character,cloth
red chocker,character,cloth
white chocker,character,cloth
blonde neckerchief,character,cloth
purple neckerchief,character,cloth
blonde scarf,character,cloth
purple scarf,character,cloth
red bow,character,cloth
black bow,character,cloth
blue bow,character,cloth
blue sailor collar,character,cloth
white sailor collar,character,cloth
yellow bow,character,cloth
fishnets,character,cloth
boyshort panties,character,cloth
teddy,character,cloth
armbinder,character,cloth
blindfold,character,cloth
bitchsuit,character,cloth
bondage mittens,character,cloth
bondage outfit,character,cloth
chastity cage,character,cloth
handcuffs,character,cloth
shackles,character,cloth
gimp suit,character,cloth
nose hook,character,cloth
blue bikini,character,cloth
triangle bikini top,character,cloth
clothing aside,character,cloth
clothes down,character,cloth
open clothes,character,cloth
untying,character,cloth
unzipping,character,cloth
armpits,character,cloth
armpit cutout,character,cloth
bare arms,character,cloth
arm cutout,character,cloth
bare shoulders,character,cloth
off shoulder,character,cloth
shoulder cutout,character,cloth
sleeveless,character,cloth
low-cut armhole,character,cloth
hood down,character,cloth
open coat,character,cloth
open hoodie,character,cloth
kimono down,character,cloth
shirt aside,character,cloth
shirt pull,character,cloth
shirt slip,character,cloth
open vest,character,cloth
backboob,character,cloth
cleavage,character,cloth
cleavage cutout,character,cloth
sideboob,character,cloth
underboob,character,cloth
underboob cutout,character,cloth
back cutout,character,cloth
backless outfit,character,cloth
bare back,character,cloth
frontless outfit,character,cloth
midriff,character,cloth
navel cutout,character,cloth
side cutout,character,cloth
sideless outfit,character,cloth
stomach cutout,character,cloth
barefoot,character,cloth
bare legs,character,cloth
dress lift,character,cloth
hip vent,character,cloth
leg cutout,character,cloth
thigh cutout,character,cloth
zettai ryouiki,character,cloth
Collarbone,character,cloth
Nape,character,cloth
Neck,character,cloth
undressing,character,cloth
bikini bottom aside,character,cloth
bikini pull,character,cloth
lifting covers,character,cloth
open bikini,character,cloth
"kimono, open",character,cloth
robe slip,character,cloth
strap lift,character,cloth
strap pull,character,cloth
strap slip,character,cloth
swimsuit aside,character,cloth
one-piece swimsuit pull,character,cloth
open towel,character,cloth
towel slip,character,cloth
male underwear pull,character,cloth
dress pull,character,cloth
"hoodie, open",character,cloth
"jacket, open",character,cloth
leotard pull,character,cloth
kimono pull,character,cloth
pajamas pull,character,cloth
topless male,character,cloth
shirt lift,character,cloth
sweater lift,character,cloth
top pull,character,cloth
"pants, no",character,cloth
shoe pull,character,cloth
sock pull,character,cloth
navel,character,cloth
stomach,character,cloth
scar,character,cloth
tattoo,character,cloth
thighs,character,cloth
feet,character,cloth
toes,character,cloth
pectorals,character,cloth
back,character,cloth
ass visible through thighs,character,cloth
large pectorals,character,cloth
between breasts,character,cloth
bare hand,character,cloth
midriff peek,character,cloth
armpit crease,character,cloth
argyle,character,cloth
camouflage,character,cloth
checkered,character,cloth
floral print,character,cloth
gingham,character,cloth
houndstooth,character,cloth
pinstripe pattern,character,cloth
plaid,character,cloth
tartan,character,cloth
polka dot,character,cloth
striped,character,cloth
multicolored stripes,character,cloth
double vertical stripe,character,cloth
animal print,character,cloth
bat print,character,cloth
bear print,character,cloth
butterfly print,character,cloth
cow print,character,cloth
leopard print,character,cloth
tiger print,character,cloth
snake print,character,cloth
bone print,character,cloth
clover print,character,cloth
crescent print,character,cloth
rose print,character,cloth
camellia print,character,cloth
cherry blossom print,character,cloth
chrysanthemum print,character,cloth
lily print,character,cloth
morning glory print,character,cloth
peony print,character,cloth
plum blossom print,character,cloth
spider lily print,character,cloth
sunflower print,character,cloth
food print,character,cloth
fruit pattern,character,cloth
apple print,character,cloth
blueberry print,character,cloth
cherry print,character,cloth
kiwi print,character,cloth
lemon print,character,cloth
pineapple print,character,cloth
orange print,character,cloth
strawberry print,character,cloth
watermelon print,character,cloth
leaf print,character,cloth
maple leaf print,character,cloth
moon print,character,cloth
musical note print,character,cloth
paw print,character,cloth
petal print,character,cloth
piano print,character,cloth
sparkle print,character,cloth
triangle print,character,cloth
space print,character,cloth
starry sky print,character,cloth
star print,character,cloth
wave print,character,cloth
wing print,character,cloth
criss-cross straps,character,cloth
criss-cross back-straps,character,cloth
clothing cutout,character,cloth
dress flower,character,cloth
gathers,character,cloth
gold trim,character,cloth
lace trim,character,cloth
ribbon trim,character,cloth
see-through clothes,character,cloth
silver trim,character,cloth
torn clothes,character,cloth
white trim,character,cloth
covering navel,character,cloth
fabric textures,character,cloth
dolman jacket,character,cloth
bandeau,character,cloth
blazer,character,cloth
blouse,character,cloth
bolero,character,cloth
bustier,character,cloth
camisole,character,cloth
aqua cardigan,character,cloth
black cardigan,character,cloth
blue cardigan,character,cloth
brown cardigan,character,cloth
cardigan,character,cloth
green cardigan,character,cloth
grey cardigan,character,cloth
hooded cardigan,character,cloth
open cardigan,character,cloth
orange cardigan,character,cloth
pink cardigan,character,cloth
purple cardigan,character,cloth
red cardigan,character,cloth
ribbed cardigan,character,cloth
white cardigan,character,cloth
yellow cardigan,character,cloth
coat,character,cloth
duffel coat,character,cloth
fur coat,character,cloth
fur-trimmed coat,character,cloth
long coat,character,cloth
Short-sleeved coat,character,cloth
trench coat,character,cloth
winter coat,character,cloth
corset,character,cloth
crinoline,character,cloth
ao dai,character,cloth
deel,character,cloth
dirndl,character,cloth
aqua dress,character,cloth
argyle dress,character,cloth
armored dress,character,cloth
backless dress,character,cloth
black dress,character,cloth
blue dress,character,cloth
brown dress,character,cloth
cake dress,character,cloth
checkered dress,character,cloth
china dress,character,cloth
coat dress,character,cloth
cocktail dress,character,cloth
collared dress,character,cloth
denim dress,character,cloth
dress,character,cloth
flag dress,character,cloth
flowing dress,character,cloth
frilled dress,character,cloth
funeral dress,character,cloth
fur-trimmed dress,character,cloth
glitter dress,character,cloth
green dress,character,cloth
grey dress,character,cloth
halter dress,character,cloth
highleg dress,character,cloth
hobble dress,character,cloth
impossible dress,character,cloth
lace-trimmed dress,character,cloth
latex dress,character,cloth
layered dress,character,cloth
long dress,character,cloth
medium dress,character,cloth
mermaid dress,character,cloth
multicolored dress,character,cloth
off-shoulder dress,character,cloth
orange dress,character,cloth
pencil dress,character,cloth
pinafore dress,character,cloth
pink dress,character,cloth
pinstripe dress,character,cloth
plaid dress,character,cloth
pleated dress,character,cloth
polka dot dress,character,cloth
print dress,character,cloth
purple dress,character,cloth
red dress,character,cloth
ribbed dress,character,cloth
ribbon-trimmed dress,character,cloth
sailor dress,character,cloth
santa dress,character,cloth
see-through dress,character,cloth
short dress,character,cloth
sleeveless dress,character,cloth
strapless dress,character,cloth
striped dress,character,cloth
sweater dress,character,cloth
sweater under dress,character,cloth
taut dress,character,cloth
tennis dress,character,cloth
tent dress,character,cloth
tied dress,character,cloth
torn dress,character,cloth
trapeze dress,character,cloth
tube dress,character,cloth
two-sided dress,character,cloth
two-tone dress,character,cloth
vertical-striped dress,character,cloth
wedding dress,character,cloth
wet dress,character,cloth
white dress,character,cloth
yellow dress,character,cloth
Sleeveless duster,character,cloth
Sleeves past fingers,character,cloth
evening gown,character,cloth
gown,character,cloth
rash guard,character,cloth
guayabera,character,cloth
half-dress,character,cloth
criss-cross halter,character,cloth
halterneck,character,cloth
sweater on head,character,cloth
hoodie,character,cloth
jacket over hoodie,character,cloth
Sleeveless hoodie,character,cloth
sweater tucked in,character,cloth
backless jacket,character,cloth
belted jacket,character,cloth
bomber jacket,character,cloth
cardigan under jacket,character,cloth
cropped jacket,character,cloth
denim jacket,character,cloth
down jacket,character,cloth
duffel jacket,character,cloth
eisenhower jacket,character,cloth
fbi jacket,character,cloth
fur-trimmed jacket,character,cloth
hooded jacket,character,cloth
impossible jacket,character,cloth
jacket,character,cloth
leather jacket,character,cloth
letterman jacket,character,cloth
mao jacket,character,cloth
military jacket,character,cloth
open jacket,character,cloth
padded jacket,character,cloth
quilted jacket,character,cloth
safari jacket,character,cloth
Short-sleeved jacket,character,cloth
Sleeveless jacket,character,cloth
suit jacket,character,cloth
sweater under jacket,character,cloth
track jacket,character,cloth
unworn jacket,character,cloth
Sleeveless kimono,character,cloth
cable knit,character,cloth
cardigan lift,character,cloth
microdress,character,cloth
muneate,character,cloth
scoop neck,character,cloth
shirt behind neck,character,cloth
sweater around neck,character,cloth
plunging neckline,character,cloth
negligee,character,cloth
nightgown,character,cloth
nightshirt,character,cloth
overcoat,character,cloth
shirt overhang,character,cloth
peacoat,character,cloth
pelisse,character,cloth
poncho,character,cloth
raincoat,character,cloth
see-through raincoat,character,cloth
yellow raincoat,character,cloth
cardigan partially removed,character,cloth
jacket partially removed,character,cloth
shirt partially removed,character,cloth
robe,character,cloth
sash,character,cloth
shoulder sash,character,cloth
scapular,character,cloth
aqua shirt,character,cloth
arts shirt,character,cloth
black shirt,character,cloth
blue shirt,character,cloth
brown shirt,character,cloth
buster shirt,character,cloth
camouflage shirt,character,cloth
checkered shirt,character,cloth
collared shirt,character,cloth
college shirt,character,cloth
combat shirt,character,cloth
compression shirt,character,cloth
controller shirt,character,cloth
cropped shirt,character,cloth
dad shirt,character,cloth
denim shirt,character,cloth
dick shirt,character,cloth
dress shirt,character,cloth
extra attack shirt,character,cloth
flapper shirt,character,cloth
frilled shirt,character,cloth
green shirt,character,cloth
grey shirt,character,cloth
gym shirt,character,cloth
hawaiian shirt,character,cloth
henley shirt,character,cloth
impossible shirt,character,cloth
lace-trimmed shirt,character,cloth
loose shirt,character,cloth
naked shirt,character,cloth
no shirt,character,cloth
off-shoulder shirt,character,cloth
open shirt,character,cloth
orange shirt,character,cloth
oversized shirt,character,cloth
pink shirt,character,cloth
plaid shirt,character,cloth
pleated shirt,character,cloth
polka dot shirt,character,cloth
polo shirt,character,cloth
print shirt,character,cloth
purple shirt,character,cloth
quick shirt,character,cloth
red shirt,character,cloth
ribbed shirt,character,cloth
ringer shirt,character,cloth
sailor shirt,character,cloth
see-through shirt,character,cloth
shirt,character,cloth
Sleeveless shirt,character,cloth
striped shirt,character,cloth
taut shirt,character,cloth
tented shirt,character,cloth
tied shirt,character,cloth
tight shirt,character,cloth
torn shirt,character,cloth
unbuttoned shirt,character,cloth
untucked shirt,character,cloth
vertical-striped shirt,character,cloth
wet shirt,character,cloth
white shirt,character,cloth
yellow shirt,character,cloth
zelda shirt,character,cloth
jacket over shoulder,character,cloth
cardigan on shoulders,character,cloth
jacket on shoulders,character,cloth
shrug,character,cloth
high-low skirt,character,cloth
compression sleeve,character,cloth
elbow sleeve,character,cloth
single detached sleeve,character,cloth
single sleeve,character,cloth
aqua sleeves,character,cloth
bell sleeves,character,cloth
black sleeves,character,cloth
blue sleeves,character,cloth
brown sleeves,character,cloth
checkered sleeves,character,cloth
cross-laced sleeves,character,cloth
detached sleeves,character,cloth
feather-trimmed sleeves,character,cloth
fishnet sleeves,character,cloth
frilled sleeves,character,cloth
furisode sleeves,character,cloth
fur-trimmed sleeves,character,cloth
gradient sleeves,character,cloth
green sleeves,character,cloth
grey sleeves,character,cloth
juliet sleeves,character,cloth
lace-trimmed sleeves,character,cloth
layered sleeves,character,cloth
long sleeves,character,cloth
mismatched sleeves,character,cloth
multicolored sleeves,character,cloth
orange sleeves,character,cloth
paw sleeves,character,cloth
pink sleeves,character,cloth
plaid sleeves,character,cloth
polka dot sleeves,character,cloth
print sleeves,character,cloth
puff and slash sleeves,character,cloth
puffy detached sleeves,character,cloth
puffy long sleeves,character,cloth
puffy short sleeves,character,cloth
puffy sleeves,character,cloth
purple sleeves,character,cloth
raglan sleeves,character,cloth
red sleeves,character,cloth
ribbed sleeves,character,cloth
see-through sleeves,character,cloth
short over long sleeves,character,cloth
short sleeves,character,cloth
striped sleeves,character,cloth
three-quarter sleeves,character,cloth
thumb hole sleeves,character,cloth
torn sleeves,character,cloth
two-tone sleeves,character,cloth
uneven sleeves,character,cloth
white sleeves,character,cloth
wide sleeves,character,cloth
yellow sleeves,character,cloth
side slit,character,cloth
stole,character,cloth
spaghetti straps,character,cloth
stringer,character,cloth
sukajan,character,cloth
sundress,character,cloth
surcoat,character,cloth
aqua sweater,character,cloth
aran sweater,character,cloth
argyle sweater,character,cloth
black sweater,character,cloth
blue sweater,character,cloth
brown sweater,character,cloth
christmas sweater,character,cloth
cropped sweater,character,cloth
cross-laced sweater,character,cloth
fur sweater,character,cloth
fur-trimmed sweater,character,cloth
green sweater,character,cloth
grey sweater,character,cloth
hockey sweater,character,cloth
hooded sweater,character,cloth
impossible sweater,character,cloth
knit sweater,character,cloth
lace-trimmed sweater,character,cloth
multicolored sweater,character,cloth
naked sweater,character,cloth
nearly naked sweater,character,cloth
nursing sweater,character,cloth
off-shoulder sweater,character,cloth
open-chest sweater,character,cloth
orange sweater,character,cloth
plaid sweater,character,cloth
polka dot sweater,character,cloth
print sweater,character,cloth
purple sweater,character,cloth
red sweater,character,cloth
ribbed sweater,character,cloth
ribbon-trimmed sweater,character,cloth
shared sweater,character,cloth
shirt under sweater,character,cloth
short-sleeved sweater,character,cloth
sleeveless sweater,character,cloth
striped sweater,character,cloth
sweater,character,cloth
taut sweater,character,cloth
tied sweater,character,cloth
torn sweater,character,cloth
turtleneck sweater,character,cloth
two-tone sweater,character,cloth
ugly sweater,character,cloth
unworn sweater,character,cloth
virgin killer sweater,character,cloth
wet sweater,character,cloth
white sweater,character,cloth
yellow sweater,character,cloth
jacket over swimsuit,character,cloth
tabard,character,cloth
tailcoat,character,cloth
telogreika,character,cloth
thobe,character,cloth
crop top,character,cloth
tank top,character,cloth
tube top,character,cloth
t-shirt,character,cloth
sleeveless turtleneck,character,cloth
partially unbuttoned,character,cloth
underbust,character,cloth
sleeves pushed up,character,cloth
sleeves rolled up,character,cloth
cardigan vest,character,cloth
sweater vest,character,cloth
vest,character,cloth
v-neck,character,cloth
cardigan around waist,character,cloth
jacket around waist,character,cloth
shirt around waist,character,cloth
sweater around waist,character,cloth
waistcoat,character,cloth
windbreaker,character,cloth
sleeves past wrists,character,cloth
black tunic,character,cloth
striped clothes,character,cloth
white camisole,character,cloth
aqua blazer,character,cloth
black blazer,character,cloth
blonde blazer,character,cloth
blue blazer,character,cloth
brown blazer,character,cloth
green blazer,character,cloth
grey blazer,character,cloth
orange blazer,character,cloth
pink blazer,character,cloth
purple blazer,character,cloth
red blazer,character,cloth
white blazer,character,cloth
blonde sweater,character,cloth
pink sweater,character,cloth
aqua vest,character,cloth
black vest,character,cloth
blonde vest,character,cloth
blue vest,character,cloth
brown vest,character,cloth
green vest,character,cloth
grey vest,character,cloth
orange vest,character,cloth
pink vest,character,cloth
purple vest,character,cloth
red vest,character,cloth
blonde shirt,character,cloth
aqua jacket,character,cloth
black jacket,character,cloth
blonde jacket,character,cloth
blue jacket,character,cloth
brown jacket,character,cloth
green jacket,character,cloth
grey jacket,character,cloth
orange jacket,character,cloth
pink jacket,character,cloth
purple jacket,character,cloth
red jacket,character,cloth
aqua coat,character,cloth
black coat,character,cloth
blonde coat,character,cloth
blue coat,character,cloth
brown coat,character,cloth
green coat,character,cloth
grey coat,character,cloth
orange coat,character,cloth
pink coat,character,cloth
purple coat,character,cloth
red coat,character,cloth
white coat,character,cloth
blonde cardigan,character,cloth
aqua camisole,character,cloth
black camisole,character,cloth
blonde camisole,character,cloth
blue camisole,character,cloth
brown camisole,character,cloth
green camisole,character,cloth
grey camisole,character,cloth
orange camisole,character,cloth
pink camisole,character,cloth
purple camisole,character,cloth
red camisole,character,cloth
sweatdrop,character,cloth
strapless,character,cloth
cameltoe,character,cloth
bed sheet,character,cloth
shoulder armor,character,cloth
hood up,character,cloth
tactical coat,character,cloth
armor panels,character,cloth
clothes between breasts,character,cloth
floating clothes,character,cloth
blue hoodie,character,cloth
black hoodie,character,cloth
collared halterneck,character,cloth
red hoodie,character,cloth
black sheer dress,character,cloth
chinese clothes,character,cloth
changpao,character,cloth
cheongsam,character,cloth
qipao,character,cloth
hanfu,character,cloth
longpao,character,cloth
tangzhuang,character,cloth
japanese clothes,character,cloth
mizu happi,character,cloth
hakama,character,cloth
kimono,character,cloth
furisode,character,cloth
layered kimono,character,cloth
short kimono,character,cloth
uchikake,character,cloth
wedding kimono,character,cloth
yukata,character,cloth
haori,character,cloth
happi,character,cloth
chanchanko,character,cloth
dotera,character,cloth
hanten,character,cloth
sarashi,character,cloth
midriff sarashi,character,cloth
chest sarashi,character,cloth
budget sarashi,character,cloth
undone sarashi,character,cloth
straw cape (mino),character,cloth
mino boushi,character,cloth
tasuki,character,cloth
korean clothes,character,cloth
bra,character,cloth
aqua bra,character,cloth
black bra,character,cloth
blue bra,character,cloth
brown bra,character,cloth
green bra,character,cloth
grey bra,character,cloth
orange bra,character,cloth
pink bra,character,cloth
purple bra,character,cloth
red bra,character,cloth
white bra,character,cloth
yellow bra,character,cloth
multicolored bra,character,cloth
checkered bra,character,cloth
lace bra,character,cloth
lace-trimmed bra,character,cloth
plaid bra,character,cloth
polka dot bra,character,cloth
print bra,character,cloth
strawberry bra,character,cloth
striped bra,character,cloth
vertical-striped bra,character,cloth
adhesive bra,character,cloth
bow bra,character,cloth
bridgeless bra,character,cloth
cupless bra,character,cloth
frilled bra,character,cloth
front-hook bra,character,cloth
front-tie bra,character,cloth
nursing bra,character,cloth
shelf bra,character,cloth
sports bra,character,cloth
strapless bra,character,cloth
training bra,character,cloth
open bra,character,cloth
presenting bra,character,cloth
torn bra,character,cloth
unworn bra,character,cloth
panties,character,cloth
multiple panties,character,cloth
no panties,character,cloth
aqua panties,character,cloth
black panties,character,cloth
blue panties,character,cloth
brown panties,character,cloth
green panties,character,cloth
grey panties,character,cloth
orange panties,character,cloth
pink panties,character,cloth
purple panties,character,cloth
red panties,character,cloth
white panties,character,cloth
yellow panties,character,cloth
multicolored panties,character,cloth
bear print panties,character,cloth
rabbit print panties,character,cloth
cat print panties,character,cloth
checkered panties,character,cloth
lace panties,character,cloth
lace-trimmed panties,character,cloth
plaid panties,character,cloth
polka dot panties,character,cloth
print panties,character,cloth
strawberry print panties,character,cloth
striped panties,character,cloth
vertical-striped panties,character,cloth
latex panties,character,cloth
leaf panties,character,cloth
pearl thong,character,cloth
backless panties,character,cloth
c-string,character,cloth
crotchless panties,character,cloth
strapless bottom,character,cloth
loose panties,character,cloth
micro panties,character,cloth
high-waist panties,character,cloth
highleg panties,character,cloth
lowleg panties,character,cloth
bow panties,character,cloth
crotch seam,character,cloth
frilled panties,character,cloth
multi-strapped panties,character,cloth
side-tie panties,character,cloth
sports panties,character,cloth
string panties,character,cloth
underwear writing,character,cloth
panties over bike shorts,character,cloth
panties under bike shorts,character,cloth
panties over pantyhose,character,cloth
panties under pantyhose,character,cloth
panties under buruma,character,cloth
pantylines,character,cloth
pantyshot,character,cloth
implied pantyshot,character,cloth
upskirt,character,cloth
boxer briefs,character,cloth
briefs,character,cloth
bikini briefs,character,cloth
jockstrap,character,cloth
lingerie,character,cloth
babydoll,character,cloth
chemise,character,cloth
underwear only,character,cloth
jinbei,character,cloth
see-through nightgowns,character,cloth
teddies,character,cloth
negligees,character,cloth
cinderella bust,character,cloth
highleg,character,cloth
underwear,character,cloth
bride,character,cloth
brown pant,character,cloth
blonde bra,character,cloth
blonde panties,character,cloth
black bikini,character,cloth
no bra,character,cloth
towel,character,cloth
apron,character,cloth
armor,character,cloth
bikini armor,character,cloth
band uniform,character,cloth
cape,character,cloth
capelet,character,cloth
hood,character,cloth
side cape,character,cloth
cassock,character,cloth
cheerleader,character,cloth
costume,character,cloth
diving suit,character,cloth
ghost costume,character,cloth
formal clothes,character,cloth
suit,character,cloth
business suit,character,cloth
tuxedo,character,cloth
g-suit,character,cloth
gym uniform,character,cloth
harem outfit,character,cloth
loincloth,character,cloth
hazmat suit,character,cloth
hev suit,character,cloth
kigurumi,character,cloth
animal costume,character,cloth
bear costume,character,cloth
boar costume,character,cloth
cat costume,character,cloth
cow costume,character,cloth
dog costume,character,cloth
monkey costume,character,cloth
mouse costume,character,cloth
panda costume,character,cloth
penguin costume,character,cloth
pig costume,character,cloth
rabbit costume,character,cloth
reindeer costume,character,cloth
seal costume,character,cloth
sheep costume,character,cloth
tiger costume,character,cloth
maid,character,cloth
jersey maid,character,cloth
mecha pilot suit,character,cloth
miko,character,cloth
nontraditional miko,character,cloth
military uniform,character,cloth
nun,character,cloth
traditional nun,character,cloth
overalls,character,cloth
pajamas,character,cloth
plugsuit,character,cloth
priest,character,cloth
sailor,character,cloth
naval uniform,character,cloth
santa costume,character,cloth
school uniform,character,cloth
sailor uniform,character,cloth
gakuran,character,cloth
meiji schoolgirl uniform,character,cloth
shosei,character,cloth
superhero costume,character,cloth
track suit,character,cloth
waitress,character,cloth
cowboy western,character,cloth
cowboy outfit,character,cloth
ascot,character,cloth
bowtie,character,cloth
breast pocket,character,cloth
brooch,character,cloth
collar chain,character,cloth
double-breasted,character,cloth
lapels,character,cloth
lapel chain,character,cloth
lapel pin,character,cloth
boutonniere,character,cloth
corsage,character,cloth
necktie,character,cloth
white jacket,character,cloth
aqua suit,character,cloth
black suit,character,cloth
blue suit,character,cloth
brown suit,character,cloth
green suit,character,cloth
grey suit,character,cloth
orange suit,character,cloth
pink suit,character,cloth
pinstripe suit,character,cloth
purple suit,character,cloth
red suit,character,cloth
white suit,character,cloth
yellow suit,character,cloth
short suit,character,cloth
aqua cape,character,cloth
black cape,character,cloth
blue cape,character,cloth
brown cape,character,cloth
green cape,character,cloth
grey cape,character,cloth
orange cape,character,cloth
red cape,character,cloth
pink cape,character,cloth
purple cape,character,cloth
white cape,character,cloth
yellow cape,character,cloth
multicolored cape,character,cloth
checkered cape,character,cloth
gradient cape,character,cloth
plaid cape,character,cloth
print cape,character,cloth
striped cape,character,cloth
detached cape,character,cloth
frilled cape,character,cloth
fur cape,character,cloth
fur-trimmed cape,character,cloth
hooded cape,character,cloth
see-through cape,character,cloth
ribbon-trimmed cape,character,cloth
two-sided cape,character,cloth
wing cape,character,cloth
cape grab,character,cloth
cape hold,character,cloth
cape lift,character,cloth
cape tug,character,cloth
floating cape,character,cloth
holding unworn cape,character,cloth
naked cape,character,cloth
shared cape,character,cloth
torn cape,character,cloth
unworn cape,character,cloth
cloak,character,cloth
aqua cloak,character,cloth
black cloak,character,cloth
blue cloak,character,cloth
brown cloak,character,cloth
green cloak,character,cloth
grey cloak,character,cloth
orange cloak,character,cloth
pink cloak,character,cloth
purple cloak,character,cloth
red cloak,character,cloth
white cloak,character,cloth
yellow cloak,character,cloth
collared cloak,character,cloth
fur cloak,character,cloth
fur-trimmed cloak,character,cloth
hooded cloak,character,cloth
torn cloak,character,cloth
two-sided cloak,character,cloth
naked cloak,character,cloth
open cloak,character,cloth
full armor,character,cloth
japanese armor,character,cloth
body armor,character,cloth
kevlar bulletproof vests,character,cloth
lak jackets,character,cloth
bulky bomb suits.,character,cloth
medieval,character,cloth
naked armor,character,cloth
plate armor,character,cloth
chainmail,character,cloth
lamellar armor,character,cloth
leather armor,character,cloth
scale armor,character,cloth
pauldrons,character,cloth
gauntlets,character,cloth
breastplate,character,cloth
faulds,character,cloth
greaves,character,cloth
armored twintails,character,cloth
faceplate,character,cloth
armet,character,cloth
bascinet,character,cloth
combat helmet,character,cloth
morion,character,cloth
nasal helmet,character,cloth
spiked helmet,character,cloth
visor (armor),character,cloth
aventail,character,cloth
bevor,character,cloth
gorget,character,cloth
shikoro,character,cloth
nodowa,character,cloth
spaulders,character,cloth
shoulder pads,character,cloth
sode,character,cloth
rerebrace,character,cloth
arm guards,character,cloth
couter,character,cloth
rondel,character,cloth
bracer,character,cloth
elbow pads,character,cloth
kote,character,cloth
kurokote,character,cloth
vambraces,character,cloth
cuirass,character,cloth
plackart,character,cloth
muscle cuirass,character,cloth
bulletproof vest,character,cloth
linothorax,character,cloth
crotch plate,character,cloth
kusazuri,character,cloth
codpiece,character,cloth
sabaton,character,cloth
cuisses,character,cloth
knee guards,character,cloth
knee pads,character,cloth
leg armor,character,cloth
poleyn,character,cloth
shin guards,character,cloth
suneate,character,cloth
ballistic shield,character,cloth
tactical shield,character,cloth
beam shield,character,cloth
buckler,character,cloth
riot shield,character,cloth
pavise,character,cloth
reverse bikini armor,character,cloth
bougu,character,cloth
bomb suit,character,cloth
exoskeleton,character,cloth
power armor,character,cloth
power suit,character,cloth
dou,character,cloth
kettle_helm,character,cloth
fast helmet,character,cloth
pasgt helmet,character,cloth
stahlhelm m1956,character,cloth
gravity suit,character,cloth
seva suit,character,cloth
armor of altair,character,cloth
berserker armor,character,cloth
high-cut armor,character,cloth
n7 armor,character,cloth
protect gear,character,cloth
terminator armor,character,cloth
barding,character,cloth
broken armor,character,cloth
ornate armor,character,cloth
white gym shirt,character,cloth
loose gym shorts,character,cloth
sportswear,character,cloth
name tag,character,cloth
kindergarten uniform,character,cloth
british army,character,cloth
bundeswehr uniform,character,cloth
fallschirmjäger uniform,character,cloth
military fatigues,character,cloth
imperial japanese army & navy,character,cloth
japan air self-defense force,character,cloth
japan ground self-defense force,character,cloth
japan maritime self-defense force,character,cloth
kriegsmarine uniform,character,cloth
luftwaffe uniform,character,cloth
nationale volksarmee,character,cloth
nkvd uniform,character,cloth
people's liberation army ,character,cloth
air force uniform,character,cloth
ground forces uniform,character,cloth
navy uniform,character,cloth
pilot uniform,character,cloth
royal air force uniform,character,cloth
royal navy uniform,character,cloth
russian ground forces uniform,character,cloth
soviet air force uniform,character,cloth
soviet army uniform,character,cloth
vdv uniform,character,cloth
soviet border troops uniform,character,cloth
soviet navy uniform,character,cloth
spetsnaz uniform,character,cloth
united states air force uniform,character,cloth
united states marine corps uniform,character,cloth
united states navy uniform,character,cloth
volksmarine uniform,character,cloth
waffen-ss uniform,character,cloth
wehrmacht uniform,character,cloth
restaurant uniform,character,cloth
anna miller uniform,character,cloth
bronze parrot uniform,character,cloth
coco's uniform,character,cloth
chef uniform,character,cloth
fast food uniform,character,cloth
hooters uniform,character,cloth
kobeya uniform,character,cloth
waitress uniform,character,cloth
yoshinoya uniform,character,cloth
indonesian elementary school uniform,character,cloth
indonesian middle school uniform,character,cloth
indonesian high school uniform,character,cloth
malaysian secondary school uniform,character,cloth
republic of china school uniform,character,cloth
school swimsuit,character,cloth
soviet school uniform,character,cloth
thai college uniform,character,cloth
thai school uniform,character,cloth
vietnamese high school uniform,character,cloth
baseball uniform,character,cloth
basketball uniform,character,cloth
american football uniform,character,cloth
rugby uniform,character,cloth
soccer uniform,character,cloth
tennis uniform,character,cloth
track uniform,character,cloth
volleyball uniform,character,cloth
employee uniform,character,cloth
maid uniform,character,cloth
miko uniform,character,cloth
nurse uniform,character,cloth
pioneer movement uniform,character,cloth
police uniform,character,cloth
bope uniform,character,cloth
bundespolizei uniform,character,cloth
gign uniform,character,cloth
indonesian national police uniform,character,cloth
japan national police uniform,character,cloth
los angeles police department uniform,character,cloth
new york city police department uniform,character,cloth
philippine national police,character,cloth
police of russia uniform,character,cloth
soviet militsiya uniform,character,cloth
s.w.a.t. uniform,character,cloth
scout uniform,character,cloth
shinsengumi,character,cloth
sturmabteilung,character,cloth
white military uniform,character,cloth
magical girl costume,character,cloth
race queen,character,cloth
bunny girl,character,cloth
cat girl,character,cloth
dog girl,character,cloth
tracksuit,character,cloth
aqua apron,character,cloth
black apron,character,cloth
blonde apron,character,cloth
blue apron,character,cloth
brown apron,character,cloth
green apron,character,cloth
grey apron,character,cloth
orange apron,character,cloth
pink apron,character,cloth
purple apron,character,cloth
red apron,character,cloth
white apron,character,cloth
aqua gym uniform,character,cloth
black gym uniform,character,cloth
blonde gym uniform,character,cloth
blue gym uniform,character,cloth
brown gym uniform,character,cloth
green gym uniform,character,cloth
grey gym uniform,character,cloth
orange gym uniform,character,cloth
pink gym uniform,character,cloth
purple gym uniform,character,cloth
red gym uniform,character,cloth
white gym uniform,character,cloth
white vest,character,cloth
blonde cloak,character,cloth
blonde cape,character,cloth
blonde suit,character,cloth
alternate costume,character,cloth
official alternate costume,character,cloth
cloud,character,cloth
white bow,character,cloth
adapted costume,character,cloth
rope,character,cloth
maid apron,character,cloth
alternate breast size,character,cloth
ass-to-ass,character,pose
back-to-back,character,pose
belly-to-belly,character,pose
cheek-to-breast,character,pose
cheek-to-cheek,character,pose
face-to-face,character,pose
forehead-to-forehead,character,pose
head on chest,character,pose
heads together,character,pose
holding hands,character,pose
leg lock,character,pose
locked arms,character,pose
over the knee,character,pose
nipple-to-nipple,character,pose
noses touching,character,pose
shoulder-to-shoulder,character,pose
tail lock,character,pose
hand on another's thigh,character,pose
circle formation,character,pose
group hug,character,pose
trembling,character,pose
skirt lift,character,pose
cooking,character,pose
imminent eating,character,pose
writing,character,pose
clothes lift,character,pose
makeup,character,pose
eating,character,pose
lifting own clothes,character,pose
kiss,character,pose
breath,character,pose
panty pull,character,pose
action,character,pose
adjusting hair,character,pose
Towel lift,character,pose
Towel pull,character,pose
Towel theft,character,pose
Bathing,character,pose
Drying,character,pose
Drying body,character,pose
Drying hair,character,pose
Sunbathing,character,pose
kabedon,character,pose
hand on own stomach,character,pose
blowing bubble gum,character,pose
arm behind back,character,pose
arms behind back,character,pose
arm up,character,pose
arm behind head,character,pose
victory pose,character,pose
arms up,character,pose
\o/,character,pose
arms behind head,character,pose
outstretched arm,character,pose
outstretched arms,character,pose
spread arms,character,pose
arm at side,character,pose
arms at sides,character,pose
arm support,character,pose
airplane arms,character,pose
crossed arms,character,pose
flexing,character,pose
praise the sun,character,pose
reaching,character,pose
shrugging,character,pose
t-pose,character,pose
a-pose,character,pose
v arms,character,pose
w arms,character,pose
hand on own face,character,pose
hand on own hip,character,pose
hand on own thigh,character,pose
presenting own armpit,character,pose
sleeping,character,pose
kneeling,character,pose
on one knee,character,pose
lying,character,pose
crossed legs,character,pose
fetal position,character,pose
on back,character,pose
on side,character,pose
on stomach,character,pose
sitting,character,pose
butterfly sitting,character,pose
figure four sitting,character,pose
indian style,character,pose
lotus position,character,pose
hugging own legs,character,pose
reclining,character,pose
seiza,character,pose
sitting on person,character,pose
sitting on head,character,pose
sitting on lap,character,pose
shoulder carry,character,pose
human chair,character,pose
straddling,character,pose
thigh straddling,character,pose
upright straddle,character,pose
wariza,character,pose
yokozuwari,character,pose
standing,character,pose
balancing,character,pose
legs apart,character,pose
standing on one leg,character,pose
on bed,character,pose
crawling,character,pose
idle animation,character,pose
falling,character,pose
floating,character,pose
flying,character,pose
jumping,character,pose
hopping,character,pose
pouncing,character,pose
running,character,pose
walking,character,pose
walk cycle,character,pose
walking on wall,character,pose
all fours,character,pose
top-down bottom-up,character,pose
prostration,character,pose
bear position,character,pose
bowlegged pose,character,pose
chest stand,character,pose
chest stand handstand,character,pose
triplefold,character,pose
ruppelbend,character,pose
quadfold,character,pose
cowering,character,pose
crucifixion,character,pose
faceplant,character,pose
full scorpion,character,pose
fighting stance,character,pose
battoujutsu stance,character,pose
spread eagle position,character,pose
squatting,character,pose
stretching,character,pose
superhero landing,character,pose
upside-down,character,pose
handstand,character,pose
headstand,character,pose
yoga,character,pose
scorpion pose,character,pose
revolved head-to-knee pose,character,pose
carry,character,pose
baby carry,character,pose
carrying,character,pose
carried breast rest,character,pose
carrying over shoulder,character,pose
carrying under arm,character,pose
child carry,character,pose
fireman's carry,character,pose
piggyback,character,pose
princess carry,character,pose
sitting on shoulder,character,pose
standing on shoulder,character,pose
dorsiflexion,character,pose
pigeon-toed,character,pose
plantar flexion,character,pose
toe scrunch,character,pose
tiptoes,character,pose
tiptoe kiss,character,pose
head rest,character,pose
head down,character,pose
head tilt,character,pose
head back,character,pose
holding sign,character,pose
holding,character,pose
holding unworn clothes,character,pose
holding coat,character,pose
holding shirt,character,pose
holding shorts,character,pose
holding swimsuit,character,pose
holding underwear,character,pose
holding unworn dress,character,pose
holding unworn jacket,character,pose
holding unworn skirt,character,pose
holding collar,character,pose
holding mask,character,pose
holding unworn hat,character,pose
holding unworn helmet,character,pose
holding unworn necktie,character,pose
holding unworn scarf,character,pose
holding boots,character,pose
holding legwear,character,pose
holding sandals,character,pose
holding shoes,character,pose
holding sock,character,pose
holding bag,character,pose
holding briefcase,character,pose
holding suitcase,character,pose
holding wallet,character,pose
holding hair ornament,character,pose
holding hair tie,character,pose
holding jewelry,character,pose
holding earrings,character,pose
holding necklace,character,pose
holding ring,character,pose
holding pocket watch,character,pose
holding compact,character,pose
holding lipstick tube,character,pose
holding mirror,character,pose
holding comb,character,pose
holding belt,character,pose
holding cane,character,pose
holding clothes hanger,character,pose
holding handkerchief,character,pose
holding tissue,character,pose
holding umbrella,character,pose
holding wig,character,pose
holding blanket,character,pose
holding pillow,character,pose
holding sheet,character,pose
holding own ankle,character,pose
holding own arm,character,pose
holding own foot,character,pose
holding own hair,character,pose
holding own leg,character,pose
holding own tail,character,pose
holding own wrist,character,pose
holding bone,character,pose
holding detached head,character,pose
holding eyeball,character,pose
holding heart,character,pose
holding skull,character,pose
holding basket,character,pose
holding box,character,pose
holding cage,character,pose
holding halloween bucket,character,pose
holding sack,character,pose
holding earphones,character,pose
holding headphones,character,pose
holding megaphone,character,pose
holding microphone stand,character,pose
holding microphone,character,pose
holding mp3 player,character,pose
holding phone,character,pose
holding walkie-talkie,character,pose
holding handheld game console,character,pose
holding laptop,character,pose
holding tablet pc,character,pose
holding computer mouse,character,pose
holding computer keyboard,character,pose
holding controller,character,pose
holding camera,character,pose
holding tripod,character,pose
holding photo,character,pose
holding barcode scanner,character,pose
holding food,character,pose
holding drink,character,pose
holding cake,character,pose
holding candy,character,pose
holding candy apple,character,pose
holding chocolate,character,pose
holding cookie,character,pose
holding cotton candy,character,pose
holding crepe,character,pose
holding donut,character,pose
holding ice cream,character,pose
holding ice cream cone,character,pose
holding pocky,character,pose
holding popsicle,character,pose
holding burger,character,pose
holding sandwich,character,pose
holding bento,character,pose
holding skewer,character,pose
holding carrot,character,pose
holding egg,character,pose
holding fruit,character,pose
holding mushroom,character,pose
holding pumpkin,character,pose
holding vegetable,character,pose
holding bottle,character,pose
holding can,character,pose
holding cup,character,pose
holding drink carton,character,pose
holding juice box,character,pose
holding milk carton,character,pose
holding gourd,character,pose
holding drinking straw,character,pose
holding hair brush,character,pose
holding hair dryer,character,pose
holding razor,character,pose
holding shower head,character,pose
holding toothbrush,character,pose
holding towel,character,pose
holding bamboo steamer,character,pose
holding coffee pot,character,pose
holding cooking pot,character,pose
holding frying pan,character,pose
holding kettle,character,pose
holding teapot,character,pose
holding chopsticks,character,pose
holding fork,character,pose
holding spoon,character,pose
holding spork,character,pose
holding cocktail shaker,character,pose
holding ladle,character,pose
holding pastry bag,character,pose
holding spatula,character,pose
holding tongs,character,pose
holding whisk,character,pose
holding bowl,character,pose
holding plate,character,pose
holding saucer,character,pose
holding tray,character,pose
holding magnifying glass,character,pose
holding telescope,character,pose
holding test tube,character,pose
holding vial,character,pose
holding candle,character,pose
holding candlestand,character,pose
holding flashlight,character,pose
holding lantern,character,pose
holding torch,character,pose
holding bandages,character,pose
holding bandaid,character,pose
holding pill,character,pose
holding pregnancy test,character,pose
holding scalpel,character,pose
holding stethoscope,character,pose
holding syringe,character,pose
holding thermometer,character,pose
holding bow (music),character,pose
holding drumsticks,character,pose
holding bass_guitar,character,pose
holding flute,character,pose
holding guitar,character,pose
holding lyre,character,pose
holding maracas,character,pose
holding saxophone,character,pose
holding trombone,character,pose
holding trumpet,character,pose
holding ukulele,character,pose
holding violin,character,pose
holding plectrum,character,pose
holding creature,character,pose
holding bouquet,character,pose
holding branch,character,pose
holding clover,character,pose
holding flower pot,character,pose
holding flower,character,pose
holding leaf,character,pose
holding mistletoe,character,pose
holding petal,character,pose
holding plant,character,pose
holding stick,character,pose
holding wreath,character,pose
holding animal,character,pose
holding bird,character,pose
holding cat,character,pose
holding dog,character,pose
holding fish,character,pose
holding frog,character,pose
holding rabbit,character,pose
holding snake,character,pose
holding turtle,character,pose
holding crystal,character,pose
holding gem,character,pose
holding rock,character,pose
holding feather,character,pose
holding seashell,character,pose
holding turtle shell,character,pose
holding drawing,character,pose
holding drawing tablet,character,pose
holding paint palette,character,pose
holding paintbrush,character,pose
holding sketchbook,character,pose
holding stylus,character,pose
holding paper,character,pose
holding book,character,pose
holding magazine,character,pose
holding manga,character,pose
holding newspaper,character,pose
holding scroll,character,pose
holding diploma,character,pose
holding id card,character,pose
holding ticket,character,pose
holding envelope,character,pose
holding letter,character,pose
holding notebook,character,pose
holding notepad,character,pose
holding folder,character,pose
holding ema,character,pose
holding gohei,character,pose
holding ofuda,character,pose
holding omikuji,character,pose
holding tanzaku,character,pose
holding cross,character,pose
holding crown,character,pose
holding scepter,character,pose
holding condom,character,pose
holding riding crop,character,pose
holding sex toy,character,pose
holding cigar,character,pose
holding cigarette pack,character,pose
holding cigarette,character,pose
holding lighter,character,pose
holding smoking pipe,character,pose
holding ball,character,pose
holding dumbbell,character,pose
holding golf club,character,pose
holding jump rope,character,pose
holding racket,character,pose
holding badminton racket,character,pose
holding tennis racket,character,pose
holding skateboard,character,pose
holding stopwatch,character,pose
holding surfboard,character,pose
holding whistle,character,pose
holding butterfly net,character,pose
holding fishing rod,character,pose
holding oar,character,pose
holding paddle,character,pose
holding swim ring,character,pose
holding pom poms,character,pose
holding trophy,character,pose
holding chalk,character,pose
holding crayon,character,pose
holding marker,character,pose
holding pen,character,pose
holding pencil,character,pose
holding quill,character,pose
holding ruler,character,pose
holding scissors,character,pose
holding pointer,character,pose
holding crowbar,character,pose
holding hammer,character,pose
holding mallet,character,pose
holding pickaxe,character,pose
holding power drill,character,pose
holding saw,character,pose
holding screwdriver,character,pose
holding shovel,character,pose
holding wrench,character,pose
holding axe,character,pose
holding chainsaw,character,pose
holding broom,character,pose
holding bucket,character,pose
holding duster,character,pose
holding dustpan,character,pose
holding mop,character,pose
holding sponge,character,pose
holding hose,character,pose
holding pitchfork,character,pose
holding sickle,character,pose
holding trowel,character,pose
holding watering can,character,pose
holding cable,character,pose
holding nail,character,pose
holding string,character,pose
holding card,character,pose
holding chess piece,character,pose
holding dice,character,pose
holding mahjong tile,character,pose
holding doll,character,pose
holding pinwheel,character,pose
holding rattle,character,pose
holding snow globe,character,pose
holding stuffed toy,character,pose
holding toy gun,character,pose
holding toy,character,pose
holding water gun,character,pose
holding weapon,character,pose
holding baton (weapon),character,pose
holding club,character,pose
holding cleaver,character,pose
holding dagger,character,pose
holding flail,character,pose
holding knife,character,pose
holding knife behind back,character,pose
holding lead pipe,character,pose
holding mace,character,pose
holding machete,character,pose
holding nunchaku,character,pose
holding polearm,character,pose
holding bow (weapon),character,pose
holding cannon,character,pose
holding crossbow,character,pose
holding energy gun,character,pose
holding flamethrower,character,pose
holding gun,character,pose
holding rocket launcher,character,pose
holding slingshot,character,pose
holding turret,character,pose
holding chakram,character,pose
holding grenade,character,pose
holding kunai,character,pose
holding arrow,character,pose
holding bullet,character,pose
holding magazine (weapon),character,pose
holding missile,character,pose
holding torpedo,character,pose
holding tank shell,character,pose
holding bomb,character,pose
holding shield,character,pose
holding sheath,character,pose
holding anchor,character,pose
holding coin,character,pose
holding glowstick,character,pose
holding key,character,pose
holding mini person,character,pose
holding money,character,pose
holding ribbon,character,pose
breaking pasta,character,pose
cannibalism,character,pose
baking,character,pose
barbecue,character,pose
chocolate making,character,pose
grilling,character,pose
roasting,character,pose
cupping glass,character,pose
dishwashing,character,pose
drinking,character,pose
eating during class,character,pose
feeding,character,pose
force-feeding,character,pose
feeding viewer,character,pose
flipping food,character,pose
food fight,character,pose
full mouth,character,pose
hanging food,character,pose
hungry,character,pose
hunger hallucination,character,pose
in food,character,pose
licking,character,pose
picnic,character,pose
pouring,character,pose
shop,character,pose
shopping,character,pose
spill,character,pose
tasting,character,pose
tea ceremony,character,pose
toast in mouth,character,pose
vore,character,pose
whisking,character,pose
hug,character,pose
hugging object,character,pose
hugging tail,character,pose
wing hug,character,pose
arm hug,character,pose
hug from behind,character,pose
waist hug,character,pose
knees apart feet together,character,pose
knees together feet apart,character,pose
knee up,character,pose
knees up,character,pose
one knee up,character,pose
contrapposto,character,pose
crossed ankles,character,pose
folded,character,pose
leg up,character,pose
legs up,character,pose
knees to chest,character,pose
legs over head,character,pose
leg lift,character,pose
outstretched leg,character,pose
pin legs,character,pose
split,character,pose
pigeon pose,character,pose
standing split,character,pose
spread legs,character,pose
watson cross,character,pose
uneven footing,character,pose
legs,character,pose
charizard pose,character,pose
gendou pose,character,pose
henshin pose,character,pose
jojo pose,character,pose
dio brando's pose,character,pose
giorno giovanna's pose,character,pose
jonathan joestar's pose,character,pose
kujo jotaro's pose,character,pose
kongou pose,character,pose
kujou karen pose,character,pose
z-move trainer pose,character,pose
rabbit pose,character,pose
horns pose,character,pose
paw pose,character,pose
claw pose,character,pose
archer pose,character,pose
bras d'honneur,character,pose
body bridge,character,pose
dojikko pose,character,pose
ghost pose,character,pose
head and hip pose,character,pose
letter pose,character,pose
ojou-sama pose,character,pose
saboten pose,character,pose
symmetrical hand pose,character,pose
villain pose,character,pose
zombie pose,character,pose
armpit focus,character,pose
cute pose,character,pose
dignified pose,character,pose
graceful pose,character,pose
hand holds skirt,character,pose
arched back,character,pose
bent back,character,pose
bent over,character,pose
leaning back,character,pose
leaning forward,character,pose
slouching,character,pose
sway back,character,pose
twisted torso,character,pose
akanbe,character,pose
twirling hair,character,pose
index finger raised,character,pose
middle finger,character,pose
pinky out,character,pose
shushing,character,pose
slit throat (gesture),character,pose
thumbs down,character,pose
thumbs up,character,pose
pointing,character,pose
pointing at another,character,pose
pointing at self,character,pose
pointing at viewer,character,pose
pointing down,character,pose
pointing forward,character,pose
pointing up,character,pose
pointing spider-man (meme),character,pose
kamina pose,character,pose
saturday night fever,character,pose
\||/,character,pose
\|||/,character,pose
facepalm,character,pose
ohikaenasutte,character,pose
open hand,character,pose
salute,character,pose
spread fingers,character,pose
stop (gesture),character,pose
straight-arm salute,character,pose
vulcan salute,character,pose
waving,character,pose
clenched hand,character,pose
curled fingers,character,pose
fig sign,character,pose
fist pump,character,pose
power fist,character,pose
raised fist,character,pose
che vuoi?,character,pose
beckoning,character,pose
cunnilingus gesture,character,pose
fellatio gesture,character,pose
handjob gesture,character,pose
hat tip,character,pose
oral simulation,character,pose
shocker (gesture),character,pose
stroking own chin,character,pose
hand over own mouth,character,pose
hand on own chest,character,pose
finger to mouth,character,pose
\n/,character,pose
crossed fingers,character,pose
finger gun,character,pose
finger heart,character,pose
fox shadow puppet,character,pose
kuji-in,character,pose
shaka sign,character,pose
two-finger salute,character,pose
l hand,character,pose
v,character,pose
gyaru v,character,pose
inward v,character,pose
v over eye,character,pose
v over mouth,character,pose
air quotes,character,pose
carry me,character,pose
circle hands,character,pose
clenched hands,character,pose
cupping hands,character,pose
double finger gun,character,pose
double l,character,pose
double number four,character,pose
double thumbs down,character,pose
double thumbs up,character,pose
double v,character,pose
double \m/,character,pose
double \n/,character,pose
fidgeting,character,pose
finger counting,character,pose
finger frame,character,pose
fist bump,character,pose
fist in hand,character,pose
groping motion,character,pose
hand glasses,character,pose
hand gesture duo,character,pose
heart arms,character,pose
heart hands,character,pose
high five,character,pose
index fingers together,character,pose
kitsune no mado,character,pose
noogie,character,pose
open hands,character,pose
own hands clasped,character,pose
palm-fist greeting,character,pose
palm-fist tap,character,pose
penetration gesture,character,pose
pinky swear,character,pose
shadow puppet,character,pose
steepled fingers,character,pose
triangle hands,character,pose
tsuki ni kawatte oshioki yo,character,pose
x arms,character,pose
x fingers,character,pose
heart hands duo,character,pose
hand up,character,pose
hands up,character,pose
own hands together,character,pose
double middle finger,character,pose
\m/,character,pose
hand of benediction,character,pose
middle w,character,pose
money gesture,character,pose
ok sign,character,pose
pinching gesture,character,pose
w,character,pose
number four (asl),character,pose
air guitar,character,pose
bowing,character,pose
curtsey,character,pose
distress hand signal,character,pose
heart tail,character,pose
heart tail duo,character,pose
holding with gesture,character,pose
no (gesture),character,pose
orchid fingers,character,pose
star hands,character,pose
abstract background,background,
blurry background,background,
bright background,background,
dark background,background,
drama layer,background,
neon reflections,background,
3d background,background,
collage background,background,
paneled background,background,
photo background,background,
game screenshot background,background,
paper background,background,
screenshot background,background,
sketch background,background,
watercolor background,background,
animal background,background,
bow background,background,
bubble background,background,
butterfly background,background,
card background,background,
cloud background,background,
fiery background,background,
flag background,background,
floral background,background,
rose background,background,
food-themed background,background,
fruit background,background,
strawberry background,background,
heart background,background,
leaf background,background,
lightning background,background,
paw print background,background,
poke ball background,background,
rabbit background,background,
snowflake background,background,
Sofmap background,background,
sparkle background,background,
spider web background,background,
star symbol background,background,
starry sky background,background,
text background,background,
weapon background,background,
backlighting,background,
chibi inset,background,
horizon,background,
imageboard colors,background,
projected inset,background,
step and repeat,background,
zoom layer,background,
detailed background,background,
aqua background,background,
black background,background,
blue background,background,
brown background,background,
green background,background,
grey background,background,
orange background,background,
pink background,background,
purple background,background,
red background,background,
simple background,background,
transparent background,background,
white background,background,
yellow background,background,
colorful background,background,
gradient background,background,
greyscale with colored background,background,
halftone background,background,
monochrome background,background,
multicolored background,background,
rainbow background,background,
heaven condition,background,
three-toned background,background,
two-tone background,background,
argyle background,background,
checkered background,background,
cross background,background,
dithered background,background,
dotted background,background,
gingham background,background,
grid background,background,
honeycomb background,background,
lace background,background,
marble background,background,
mosaic background,background,
patterned background,background,
plaid background,background,
polka dot background,background,
spiral background,background,
splatter background,background,
striped background,background,
diagonal-striped background,background,
vertical-striped background,background,
sunburst background,background,
triangle background,background,
random background,background,
airport,background,
control tower,background,
hangar,background,
apartment,background,
aquarium,background,
arcade,background,
bar,background,
izakaya,background,
tavern,background,
barn,background,
bunker,background,
bus stop,background,
bowling alley,background,
cafe,background,
casino,background,
castle,background,
floating castle,background,
construction site,background,
convention,background,
garage,background,
gas station,background,
gazebo,background,
greenhouse,background,
hospital,background,
house,background,
hotel,background,
hut,background,
industrial,background,
factory,background,
refinery,background,
power plant,background,
nuclear powerplant,background,
cooling tower,background,
warehouse,background,
lighthouse,background,
mall,background,
megastructure,background,
space elevator,background,
military base,background,
museum,background,
art gallery,background,
nightclub,background,
observatory,background,
onsen,background,
planetarium,background,
prison,background,
restaurant,background,
rooftop,background,
ruins,background,
school,background,
sewer,background,
skating rink,background,
shack,background,
bakery,background,
bookstore,background,
convenience store,background,
flower shop,background,
pharmacy,background,
salon,background,
sex shop,background,
supermarket,background,
weapon shop,background,
skyscraper,background,
stadium,background,
arena,background,
stilt house,background,
theater,background,
amphitheater,background,
movie theater,background,
tomb,background,
tower,background,
bell tower,background,
clock tower,background,
watchtower,background,
minaret,background,
train station,background,
treehouse,background,
windmill,background,
places of worship,background,
church,background,
cathedral,background,
mosque,background,
pagoda,background,
shrine,background,
synagogue,background,
temple,background,
building,background,
airfield,background,
runway,background,
amusement park,background,
carousel,background,
ferris wheel,background,
roller coaster,background,
aqueduct,background,
bridge,background,
rope bridge,background,
wooden bridge,background,
canal,background,
city,background,
floating city,background,
rural,background,
town,background,
village,background,
dam,background,
dock,background,
drydock,background,
shipyard,background,
garden,background,
graveyard,background,
jetty,background,
field,background,
flower field,background,
rice paddy,background,
wheat field,background,
fountain,background,
harbor,background,
market,background,
market stall,background,
playground,background,
parking lot,background,
pier,background,
phone booth,background,
poolside,background,
waterpark,background,
railroad tracks,background,
railroad crossing,background,
road,background,
alley,background,
crosswalk,background,
dirt road,background,
highway,background,
path,background,
sidewalk,background,
stone walkway,background,
street,background,
school entrance,background,
soccer field,background,
running track,background,
trench,background,
tunnel,background,
well,background,
zoo,background,
futuristic city,background,
cyberpunk city,background,
indoors,background,
ballroom,background,
bathroom,background,
bathtub,background,
shower (place),background,
toilet stall,background,
bedroom,background,
hotel room,background,
messy room,background,
otaku room,background,
cafeteria,background,
changing room,background,
classroom,background,
clubroom,background,
conservatory,background,
courtroom,background,
dining room,background,
dressing room,background,
dungeon,background,
prison cell,background,
fitting room,background,
gym,background,
fitness gym,background,
gym storeroom,background,
locker room,background,
school gym,background,
infirmary,background,
kitchen,background,
laboratory,background,
library,background,
living room,background,
morgue,background,
office,background,
cubicle,background,
pool,background,
stage,background,
staff room,background,
storage room,background,
armory,background,
closet,background,
workshop,background,
wrestling ring,background,
cloudy sky,background,
architecture,background,
space,background,
asteroid,background,
moon,background,
planet,background,
space station,background,
vehicle interior,background,
airplane interior,background,
bus interior,background,
car interior,background,
cockpit,background,
spacecraft interior,background,
tank interior,background,
train interior,background,
starry sky,background,
sky,background,
blue sky,background,
star (sky),background,
night sky,background,
outdoors,background,
beach,background,
shore,background,
canyon,background,
cave,background,
cliff,background,
desert,background,
oasis,background,
forest,background,
bamboo forest,background,
glacier,background,
hill,background,
island,background,
floating island,background,
jungle,background,
meadow,background,
mesa,background,
mountain,background,
volcano,background,
park,background,
plain,background,
savannah,background,
wetland,background,
water,background,
geyser,background,
lake,background,
ocean,background,
pond,background,
river,background,
seafloor,background,
stream,background,
waterfall,background,
wasteland,background,
bird,general,
bug,general,
cat,general,
dog,general,
fish,general,
rabbit,general,
animal,general,
butterfly,general,
white bird,general,
aqua bird,general,
black bird,general,
blue bird,general,
brown bird,general,
green bird,general,
grey bird,general,
orange bird,general,
pink bird,general,
purple bird,general,
red bird,general,
yellow bird,general,
beaver,general,
capybara,general,
chipmunk,general,
ferret,general,
guinea pig,general,
hamster,general,
mouse,general,
naked mole rat,general,
squirrel,general,
weasel,general,
alpaca,general,
bear,general,
black bear,general,
brown bear,general,
polar bear,general,
bull,general,
cow,general,
deer,general,
elephant,general,
giraffe,general,
gorilla,general,
horse,general,
kangaroo,general,
mammoth,general,
panda,general,
boar,general,
echidna,general,
fox,general,
red fox,general,
goat,general,
hedgehog,general,
monkey,general,
platypus,general,
pig,general,
piglet,general,
angora rabbit,general,
sheep,general,
lamb,general,
alligator gar,general,
angelfish,general,
anglerfish,general,
arapaima,general,
arowana,general,
bichir,general,
butterflyfish,general,
catfish,general,
carp,general,
goldfish,general,
clownfish,general,
coelacanth,general,
dunkleosteus,general,
leopard eel,general,
moray eel,general,
flying fish,general,
lamprey,general,
leafy seadragon,general,
manta ray,general,
marlin,general,
needlefish,general,
oarfish,general,
oilfish,general,
puffer fish,general,
sailfish,general,
saury,general,
sawfish,general,
seahorse,general,
shark,general,
edestus,general,
goblin shark,general,
great white shark,general,
hammerhead shark,general,
helicoprion,general,
saw shark,general,
whale shark,general,
siamese fighting fish,general,
swordfish,general,
ocean sunfish,general,
surgeonfish,general,
regal blue tang,general,
yellow tang,general,
tuna,general,
whale,general,
beluga whale,general,
blue whale,general,
dolphin,general,
humpback whale,general,
narwhal,general,
orca,general,
crustacean,general,
crayfish,general,
hermit crab,general,
horseshoe crab,general,
isopod,general,
cymothoa exigua,general,
aquatic invertebrate,general,
abalone,general,
clam,general,
coral,general,
cuttlefish,general,
octopus,general,
oyster,general,
sea anemone,general,
sea cucumber,general,
sea slug,general,
sea urchin,general,
squid,general,
starfish,general,
ant,general,
bee,general,
beetle,general,
caterpillar,general,
centipede,general,
cicada,general,
cockroach,general,
cricket,general,
cave cricket,general,
dragonfly,general,
firefly,general,
fireflies,general,
grasshopper,general,
ladybug,general,
leucochloridium paradoxum,general,
millipede,general,
mosquito,general,
moth,general,
pillbug,general,
wasp,general,
arachnid,general,
spider,general,
scorpion,general,
camel spider,general,
amblypygi,general,
larva,general,
maggot,general,
crocodile,general,
frog,general,
tadpole,general,
iguana,general,
lizard,general,
frill-necked lizard,general,
snake,general,
turtle,general,
axolotl,general,
hellbender,general,
yellow bag,general,
airbag,general,
barf bag,general,
bean bag,general,
bindle,general,
blood bag,general,
body bag,general,
cement bag,general,
crossbody bag,general,
furoshiki,general,
furoshiki around neck,general,
gift bag,general,
grab bag,general,
ikea bag,general,
item bag,general,
kinchaku,general,
laptop bag,general,
netted bag,general,
money bag,general,
paper bag,general,
plastic bag,general,
recruitment bag,general,
sack,general,
sandbag,general,
sleeping bag,general,
string bag,general,
trash bag,general,
vacuum bag,general,
waist bag,general,
weapon bag,general,
ziploc bag,general,
camouflage bag,general,
cross-laced bag,general,
fur bag,general,
iridescent bag,general,
large bag,general,
plaid bag,general,
polka dot bag,general,
pom pom bag,general,
print bag,general,
quilted bag,general,
transparent bag,general,
spiked bag,general,
straw bag,general,
winged bag,general,
argyle bag,general,
checkered bag,general,
gingham bag,general,
mini bag,general,
shell bag,general,
bagged fish,general,
bear bag,general,
cat bag,general,
chicken bag,general,
fox bag,general,
ladybug bag,general,
panda bag,general,
penguin bag,general,
pig bag,general,
rabbit bag,general,
shark bag,general,
bop bag,general,
golf bag,general,
punching bag,general,
speed bag,general,
kindergarten bag,general,
ransel,general,
school briefcase,general,
acorn bag,general,
apple bag,general,
bag of chips,general,
bag of cookies,general,
carrot bag,general,
coffee bag,general,
drink bag,general,
food-themed sleeping bag,general,
grocery bag,general,
insulated delivery bag,general,
pastry bag,general,
rice bag,general,
snack bag,general,
strawberry bag,general,
teabag,general,
backpack basket,general,
basket,general,
aqua bag,general,
black bag,general,
blonde bag,general,
blue bag,general,
brown bag,general,
green bag,general,
grey bag,general,
orange bag,general,
pink bag,general,
purple bag,general,
red bag,general,
white bag,general,
bread ,general,
bagel,general,
baguette,general,
biscuit,general,
bread bun,general,
bread crust,general,
bread eating race,general,
bread slice,general,
toast,general,
croissant,general,
japari bun,general,
loaf of bread,general,
cereal,general,
cracker,general,
arare,general,
senbei,general,
empanada,general,
noodles,general,
occhahoi,general,
pasta,general,
lasagne,general,
spaghetti,general,
black spaghetti,general,
spaghetti and meatballs,general,
ramen,general,
instant ramen,general,
jirou,general,
soba,general,
instant soba,general,
yakisoba,general,
italian niigata,general,
yakisobapan,general,
soumen,general,
udon,general,
instant udon,general,
kitsune udon,general,
rice,general,
fried rice,general,
jumeok-bap,general,
onigiri,general,
rice on face,general,
rice porridge,general,
nanakusa-gayu,general,
risotto,general,
scone,general,
armchair,general,
easy chair,general,
ball chair,general,
egg chair,general,
gaming chair,general,
high chair,general,
inflatable chair,general,
lounge chair,general,
massage chair,general,
office chair,general,
papasan chair,general,
recliner,general,
swivel chair,general,
rocking chair,general,
school chair,general,
throne,general,
wooden chair,general,
zaisu,general,
folding chair,general,
camping chair,general,
deck chair,general,
director's chair,general,
folding stool,general,
folded chair,general,
stool,general,
bath stool,general,
bar stool,general,
piano bench,general,
monobloc,general,
plastic chair,general,
adirondack chair,general,
butterfly chair,general,
eames chair,general,
barber chair,general,
bench,general,
park bench,general,
bleachers,general,
booth seating,general,
dental chair,general,
electric chair,general,
gynecology chair,general,
hammock,general,
lifeguard chair,general,
swing,general,
patio swing,general,
pew (church),general,
couch,general,
chaise longue,general,
cushion,general,
bean bag chair,general,
zabuton,general,
saddle,general,
transparent seat,general,
wheelchair,general,
chair,general,
choko,general,
sakazuki,general,
yunomi,general,
mug,general,
coffee mug,general,
teacup,general,
Styrofoam,general,
instant cup noodles,general,
disposable cup,general,
disposable coffee cup,general,
drinking glass,general,
shot glass,general,
butter,general,
cheese,general,
blue cheese,general,
cheesestick,general,
cheese wheel,general,
cream cheese,general,
parmesan cheese,general,
sliced cheese,general,
smoked cheese,general,
swiss cheese,general,
cream,general,
whipped cream,general,
eggnog,general,
kefir,general,
baby bottle,general,
condensed milk,general,
chocolate milk,general,
milk bag,general,
milk bottle,general,
milk carton,general,
milk churn,general,
milk mustache,general,
milkshake,general,
strawberry milk,general,
yogurt,general,
alcohol,general,
beer,general,
martini,general,
sake,general,
whiskey,general,
wine,general,
coffee,general,
energy drink,general,
juice,general,
juice box,general,
amazake,general,
milk,general,
soda,general,
coca-cola,general,
pepsi,general,
tea,general,
bubble tea,general,
green tea,general,
yakult,general,
coke,general,
drinking straw,general,
bottle,general,
ketchup bottle,general,
mayonnaise bottle,general,
mustard bottle,general,
soda bottle,general,
soy sauce bottle,general,
can,general,
condiment packet,general,
cup,general,
champagne coupe,general,
champagne flute,general,
cocktail glass,general,
hurricane glass,general,
snifter,general,
wine glass,general,
jue,general,
coffee-related,general,
coffee pot,general,
coffee press,general,
gaiwan,general,
gourd,general,
jar,general,
jug,general,
beer mug,general,
mamezara,general,
pepper shaker,general,
tea related,general,
canned tea,general,
saucer,general,
teapot,general,
long spout teapot,general,
side handle teapot,general,
tea set,general,
tea strainer,general,
thermos,general,
non-alcoholic beer,general,
guinness (beer),general,
champagne,general,
cocktail,general,
blue hawaii,general,
caesar (drink),general,
cocktail umbrella,general,
margarita,general,
mojito,general,
pina colada,general,
white russian,general,
gluhwein,general,
liquor,general,
soju,general,
tequila,general,
vodka,general,
cafe au lait,general,
canned coffee,general,
cappuccino,general,
coffee beans,general,
dandelion coffee,general,
georgia max coffee,general,
latte art,general,
starbucks,general,
fruit punch (drink),general,
lemonade,general,
orange juice,general,
strawberry juice,general,
milk (see dairy above),general,
7up,general,
calpis,general,
dr pepper,general,
fanta,general,
melon soda,general,
mountain dew,general,
pepsi ice cucumber,general,
ramune,general,
root beer,general,
soda can,general,
barley tea,general,
black tea (koucha),general,
chamomile tea,general,
darjeeling tea,general,
earl grey tea,general,
herbal tea,general,
iced tea,general,
milk tea,general,
rose hip tea,general,
spear mint tea,general,
tropical drink,general,
love letter,general,
flower,general,
flower stand,general,
flower bed,general,
simple flower,general,
ikebana,general,
bouquet,general,
anthurium,general,
spathiphyllum,general,
calla lily,general,
dayflower,general,
bleeding heart,general,
iris,general,
snowdrop,general,
spiderwort,general,
fish mint,general,
hydrangea,general,
oenothera,general,
bellflower,general,
gentiana,general,
pansy,general,
violet,general,
wolfsbane,general,
amaryllis,general,
gloriosa,general,
tiger lily,general,
adonis,general,
ranunculus,general,
larkspur,general,
sunflower,general,
anemone,general,
clematis,general,
fuchsia,general,
azalea,general,
agapanthus,general,
allium,general,
alstroemeria,general,
angel's trumpet,general,
arisaema,general,
baby's-breath,general,
begonia,general,
bird of paradise flower,general,
black-eyed susan,general,
bluebell,general,
blueberry blossoms,general,
bougainvillea,general,
buttercup,general,
camellia,general,
canna lily,general,
carnation,general,
catharanthus,general,
cerastium,general,
chamomile,general,
chicory,general,
chrysanthemum,general,
clivia,general,
clover,general,
cockscomb,general,
coffee blossom,general,
columbine,general,
cornflower,general,
cosmos,general,
craspedia,general,
crocus,general,
cyclamen,general,
cymbidium,general,
daffodil,general,
dahlia,general,
daisy,general,
dandelion,general,
dianthus,general,
dogtooth violet,general,
dogwood,general,
dusty miller,general,
edelweiss,general,
epiphyllum,general,
eustoma,general,
flax,general,
forget-me-not,general,
forsythia,general,
four o'clock,general,
foxglove,general,
freesia,general,
genista,general,
geranium,general,
gerbera,general,
gladiolus,general,
golden trumpet,general,
gourd blossom,general,
grape hyacinth,general,
grass lily,general,
great burnet,general,
hawthorn,general,
heather,general,
heliconia,general,
hellebore,general,
hemerocallis,general,
hepatica,general,
hibiscus,general,
hollyhock,general,
hyacinth,general,
ixia,general,
jade vine,general,
jasmine,general,
kamchatka lily,general,
kerria japonica,general,
lantana,general,
lavender,general,
lemon blossoms,general,
lilac,general,
lily,general,
lily of the valley,general,
lotus,general,
lupinus,general,
magnolia,general,
marigold,general,
marsh marigold,general,
mimosa,general,
moonflower,general,
morning glory,general,
nemophila,general,
nerine,general,
nigella,general,
nightshade,general,
oleander,general,
orange blossoms,general,
orchid,general,
osmanthus,general,
pasqueflower,general,
passion flower,general,
peach blossom,general,
pentas,general,
peony,general,
periwinkle,general,
persian speedwell,general,
petunia,general,
pieris japonica,general,
plum blossoms,general,
plumeria,general,
poinsettia,general,
pomegranate flower,general,
poppy,general,
portulaca,general,
potato flower,general,
potentilla,general,
primrose,general,
protea,general,
quince blossoms,general,
rafflesia,general,
rapeseed blossoms,general,
red ginger,general,
reimu,general,
rhododendron,general,
rudbeckia,general,
safflower,general,
sandersonia,general,
skeleton flower,general,
snapdragon,general,
snowbell,general,
spider lily,general,
strawberry blossoms,general,
sweet pea,general,
thistle,general,
tigridia,general,
trumpet creeper,general,
tuberose,general,
tulip,general,
water lily flower,general,
wisteria,general,
zinnia,general,
aqua flower,general,
black flower,general,
blue flower,general,
brown flower,general,
green flower,general,
grey flower,general,
orange flower,general,
purple flower,general,
pink flower,general,
red flower,general,
white flower,general,
yellow flower,general,
akebia fruit,general,
apple,general,
apple core,general,
apple peel,general,
apple rabbit,general,
bitten apple,general,
candy apple,general,
golden apple,general,
green apple,general,
yellow apple,general,
apricot,general,
avocado,general,
banana,general,
banana boat,general,
banana peel,general,
banana popsicle,general,
banana slice,general,
chocolate banana,general,
gel banana,general,
on banana,general,
berry,general,
blackberry,general,
blueberry,general,
mulberry,general,
pineberry,general,
raspberry,general,
strawberry,general,
chocolate strawberry,general,
strawberry slice,general,
white strawberry,general,
breadfruit,general,
cacao fruit / cocoa fruit,general,
cherry,general,
chokecherry,general,
chinese lantern / ground cherry,general,
custard apple,general,
date,general,
dragon fruit / pitaya,general,
fig,general,
fruit bowl,general,
fruit as cup,general,
gooseberry,general,
grapefruit,general,
grapes,general,
currant,general,
grape stomping,general,
raisin,general,
guava,general,
jackfruit,general,
java apple,general,
kiwi,general,
kiwi slice,general,
lemon,general,
lemon slice,general,
lime,general,
lime slice,general,
longan,general,
loquat,general,
lychee,general,
mango,general,
mangosteen,general,
melon,general,
cantaloupe,general,
yuubari king melon,general,
galia melon,general,
honeydew,general,
horned melon,general,
watermelon,general,
cectarine,general,
olive,general,
orange,general,
dekopon,general,
mandarin orange / satsuma,general,
orangette,general,
orange slice,general,
papaya / papaw / pawpaw,general,
passion fruit,general,
peach,general,
peach slice,general,
pear,general,
nashi pear,general,
persimmon,general,
pineapple,general,
pineapple slice,general,
plum,general,
pomegranate,general,
rambutan,general,
shanzha,general,
snakefruit,general,
starfruit,general,
sudachi,general,
tamarind,general,
umeboshi,general,
yuzu,general,
controller,general,
game controller,general,
basil leaf,general,
chopped spring onion,general,
cinnamon stick,general,
clove,general,
furikake,general,
ginger root,general,
honey,general,
jam,general,
marmalade,general,
ketchup,general,
mayonnaise,general,
mint,general,
mustard,general,
parsley,general,
peanut butter,general,
pepper (spice),general,
pepper mill,general,
red bean paste,general,
rosemary,general,
salt,general,
salt shaker,general,
sauce,general,
bagna cauda,general,
hot sauce,general,
soy sauce,general,
tomato sauce,general,
sesame seeds,general,
granulated sugar,general,
sugar cube,general,
syrup,general,
chocolate syrup,general,
maple syrup,general,
strawberry syrup,general,
wasabi,general,
zha cai,general,
canned food,general,
chinese food,general,
cooking oil,general,
crumbs,general,
curry,general,
curry rice,general,
currywurst,general,
dumpling,general,
croquette,general,
har gow,general,
gyouza,general,
shumai,general,
tangyuan,general,
wonton,general,
rice dumpling,general,
english breakfast,general,
fish and chips,general,
flour,general,
fondue,general,
french fries,general,
french toast,general,
burger,general,
megamac,general,
tsukimi burger,general,
hot dog,general,
chili dog,general,
corn dog,general,
katsu,general,
katsudon,general,
konnyaku,general,
meal,general,
breakfast,general,
dim sum,general,
dinner,general,
feast,general,
lunch,general,
bento,general,
okosama lunch,general,
osechi,general,
party,general,
birthday party,general,
tea party,general,
steamed bun,general,
nikuman,general,
nabe,general,
oden,general,
sukiyaki,general,
narutomaki,general,
ochazuke,general,
okonomiyaki,general,
omelet,general,
omurice,general,
tamagoyaki,general,
oyakodon (food),general,
pizza,general,
holding pizza,general,
pizza box,general,
pizza delivery,general,
pizza slice,general,
pizza toast,general,
margherita pizza,general,
ribs (food),general,
salad,general,
sandwich,general,
fruit sandwich,general,
shakshuka,general,
soup,general,
miso soup,general,
zouni soup,general,
sushi,general,
conveyor belt sushi,general,
gunkanmaki,general,
inarizushi,general,
makizushi,general,
rolled sushi,general,
nigirizushi,general,
sushi geta,general,
taco,general,
takoyaki,general,
takuan,general,
tamagokake gohan,general,
tempura,general,
shrimp tempura,general,
tofu,general,
aburaage,general,
hiyayakko,general,
mapo tofu,general,
stinky tofu,general,
uncongealed tofu],general,
blood tofu,general,
twice cooked pork,general,
unadon (food),general,
cooking pot,general,
stock pot,general,
mamezara (soy sauce plate),general,
baking sheet,general,
bamboo steamer,general,
picnic basket,general,
shopping basket,general,
shopping cart,general,
squeeze bottle,general,
bowl,general,
plate,general,
cake pan,general,
chopsticks,general,
chopstick rest,general,
cocktail flower,general,
coffee grinder,general,
cookie cutter,general,
cutting board,general,
dishes,general,
bendy straw,general,
crazy straw,general,
heart straw,general,
egg carton,general,
food packaging,general,
food wrapper,general,
fork,general,
spork,general,
frying pan,general,
tamagoyaki pan,general,
gravy boat,general,
griddle,general,
grill,general,
shichirin,general,
honey dipper,general,
hot plate,general,
ice cream scoop,general,
kitchen scale,general,
knife,general,
butter knife,general,
cleaver,general,
kettle,general,
ladle,general,
lunchbox,general,
makisu,general,
measuring cup,general,
mess kit,general,
microwave,general,
milking machine,general,
mini flag,general,
mixer,general,
napkin,general,
oven,general,
brick oven,general,
peel,general,
plate stack,general,
pot,general,
honeypot,general,
cauldron,general,
recipe,general,
refrigerator,general,
rice cooker,general,
rolling pin,general,
serving dome (cloche),general,
sink,general,
sizzler plate,general,
soda fountain,general,
spatula,general,
serving spatula,general,
spoon,general,
shamoji,general,
chinese spoon,general,
stove,general,
sugar bowl,general,
takeout container,general,
oyster pail,general,
teapot warmer,general,
toaster,general,
tongs,general,
tray,general,
cake stand,general,
tiered tray,general,
utensil rack,general,
whisk,general,
wok,general,
tablewears,general,
naked apron,general,
food stand,general,
ice cream stand,general,
yatai,general,
barista,general,
maid cafe,general,
diner,general,
fast food,general,
food truck,general,
menu,general,
angel mort,general,
anna miller,general,
bronze parrot,general,
hooters,general,
koubeya,general,
yoshinoya,general,
yakiniku,general,
groceries,general,
ikayaki,general,
food,general,
bacon,general,
boned meat,general,
chicken,general,
chicken leg,general,
chicken nuggets,general,
fried chicken,general,
yakitori,general,
chicken wing,general,
crab,general,
egg,general,
broken egg,general,
egg yolk,general,
eggshell,general,
fried egg,general,
century egg,general,
hardboiled egg,general,
softboiled egg,general,
oyakodon,general,
scrambled egg,general,
sliced egg,general,
raw egg,general,
roe,general,
caviar,general,
ikura,general,
karashi mentaiko,general,
eel,general,
kabayaki,general,
fish skeleton,general,
sashimi,general,
katsuo no tataki,general,
gyuudon,general,
hamburger steak,general,
kamaboko,general,
shish kebab,general,
lobster,general,
meatball,general,
pork,general,
ham,general,
raw meat,general,
tartare,general,
yokhoe,general,
sausage,general,
pepperoni,general,
doner kebab,general,
shrimp,general,
sliced meat,general,
steak,general,
tako-san wiener,general,
kani-san wiener,general,
turkey,general,
turkey leg,general,
anmitsu,general,
mitsumame,general,
manjuu,general,
anman,general,
longevity peach bun,general,
momiji manjuu,general,
usagi manjuu,general,
batter,general,
anpan,general,
cinnamon roll,general,
hot cross bun,general,
melon bread,general,
noppo bread,general,
pastry box,general,
brownie,general,
cosmic brownies,general,
cake,general,
angel food cake,general,
baumkuchen,general,
birthday cake,general,
black forest cake,general,
bundt cake,general,
cake batter,general,
cake pop,general,
carrot cake,general,
castella,general,
charlotte cake,general,
cheesecake,general,
rare cheesecake,general,
chocolate cake,general,
chocolate framboise,general,
chiffon cake,general,
cherry blossom chiffon cake,general,
christmas cake,general,
crepe cake,general,
cupcake,general,
fondant au chocolat,general,
fruitcake,general,
funfetti cake,general,
heart-shaped cake,general,
ice cream cake,general,
jar cake,general,
lava cake,general,
layer cake,general,
lemon cake,general,
madeleine,general,
marble cake,general,
mille-feuille,general,
mont blanc,general,
opera cake,general,
pancake,general,
pancake stack,general,
souffle pancake,general,
pound cake,general,
rainbow cake,general,
red velvet cake,general,
shortcake,general,
sponge cake,general,
stollen,general,
strawberry cake,general,
strawberry shortcake,general,
sweet potato cake,general,
swiss roll,general,
strawberry swiss roll,general,
tiramisu,general,
upside-down cake,general,
wedding cake,general,
yule log,general,
candy,general,
candy cane,general,
chitose ame,general,
cigarette candy,general,
creme egg,general,
chewing gum,general,
gumball,general,
jelly bean,general,
kitkat,general,
konpeitou,general,
lollipop,general,
chupa chups,general,
shaped lollipop,general,
swirl lollipop,general,
m&m's,general,
marble chocolate,general,
nerunerunerune,general,
pinata,general,
tootsweets,general,
cannoli,general,
caramel,general,
chocolate,general,
apollo chocolate,general,
chocolate almond,general,
chocolate bar,general,
chocolate chip,general,
chocolate coin,general,
chocolate curls,general,
chocolate egg,general,
chocolate fondue,general,
chocolate fountain,general,
chocolate icing,general,
chocolate marquise,general,
chocolate rabbit,general,
chocolate truffle,general,
dark chocolate,general,
heart-shaped chocolate,general,
kinoko no yama,general,
morinaga chocoball,general,
strawberry chocolate,general,
takenoko no sato,general,
white chocolate,general,
chocolate bread,general,
choco pie,general,
churro,general,
cookie,general,
checkerboard cookie,general,
chocolate chip cookie,general,
country ma'am,general,
gingerbread cookie,general,
gingerbread house,general,
gingerbread man,general,
pocky,general,
sandwich cookie,general,
oreo,general,
thumbprint cookie,general,
toppo,general,
wafer,general,
wafer stick,general,
cotton candy,general,
bavarois,general,
icing,general,
mirror glaze,general,
crepe,general,
croquembouche,general,
dorayaki,general,
dough,general,
donut,general,
chocolate donut,general,
french cruller,general,
sakura french,general,
glazed donut,general,
honey cake donut,general,
jelly donut,general,
old-fashioned donut,general,
choco fashion,general,
pon de ring,general,
pon de chocolat,general,
pon de strawberry,general,
fudge,general,
gelatin,general,
ice cream,general,
affogato,general,
banana split,general,
choco monaka jumbo,general,
coolish,general,
dondurma,general,
gelato,general,
ice cream cone,general,
waffle cone,general,
ice cream float,general,
ice cream sandwich,general,
parfait,general,
strawberry parfait,general,
multiple scoops,general,
too many scoops,general,
soft serve,general,
sprinkles,general,
sundae,general,
imagawayaki,general,
marshmallow,general,
mooncake,general,
muffin,general,
osmanthus cake,general,
pastry,general,
canele,general,
chocolate cornet,general,
cream cornet,general,
cream puff,general,
eclair,general,
macaron,general,
maritozzo,general,
pie,general,
cherry pie,general,
chocolate pie,general,
apple pie,general,
red bean pie,general,
popsicle,general,
popsicle stick,general,
tupet,general,
watermelon bar,general,
suika bar,general,
pudding,general,
custard,general,
pudding a la mode,general,
souffle,general,
shaved ice,general,
kakigoori,general,
slushie,general,
tanghulu,general,
tart,general,
chocolate tart,general,
egg tart,general,
fruit tart,general,
blueberry tart,general,
strawberry tart,general,
pumpkin pie,general,
waffle,general,
wagashi,general,
mochi,general,
dango,general,
daifuku,general,
ichigo daifuku,general,
kashiwa mochi,general,
namagashi,general,
raindrop cake,general,
sakura mochi,general,
songpyeon,general,
suama,general,
taiyaki,general,
uirou,general,
warabimochi,general,
youkan,general,
cheese puffs,general,
cheese curls,general,
cheetos,general,
chikuwa,general,
chips,general,
bugles,general,
doritos,general,
potato chips,general,
pringles,general,
tortilla chips,general,
cheese fries,general,
popcorn,general,
pretzel,general,
tohato caramel corn,general,
umaibou,general,
see-through towel,general,
Beach towel,general,
Plaid towel,general,
Polka dot towel,general,
Print towel,general,
Striped towel,general,
Wrap towel,general,
Impossible towel,general,
Shared towel,general,
Towel on head,general,
Towel on one shoulder,general,
Towel on arm,general,
Towel around breasts,general,
Towel around waist,general,
Towel on legs,general,
Towel rack,general,
Towel rabbit,general,
Wet towel,general,
asparagus,general,
bacon-wrapped asparagus,general,
beans,general,
green bean,general,
nattou,general,
bell pepper,general,
bell pepper plant,general,
bell pepper slice,general,
green bell pepper,general,
orange pepper,general,
red pepper,general,
yellow pepper,general,
bitter melon,general,
broccoli,general,
cabbage,general,
bok choy,general,
carrot,general,
carrot slice,general,
carrot sticks,general,
cauliflower,general,
chili pepper,general,
habanero pepper,general,
jalapeno pepper,general,
coconut,general,
corn,general,
cucumber,general,
pickle,general,
eggplant,general,
garlic,general,
kimchi,general,
lettuce,general,
lotus root,general,
mushroom,general,
shiitake,general,
nuts,general,
almond,general,
cashew,general,
chestnut,general,
hazelnut,general,
peanut,general,
pecan,general,
pistachio,general,
walnut,general,
okra,general,
onion,general,
onion rings,general,
peas,general,
pea pod,general,
potato,general,
mashed potatoes,general,
radish,general,
daikon,general,
seaweed,general,
hijiki,general,
nori,general,
spring onion / leek,general,
squash,general,
pumpkin,general,
jack-o'-lantern,general,
sweet potato,general,
roasted sweet potato,general,
tomato,general,
cherry tomato,general,
tomato plant,general,
turnip,general,
warabi,general,
motor vehicle,general,
aircraft,general,
airplane,general,
airship,general,
glider,general,
hot air balloon,general,
helicopter,general,
ornithopter,general,
vtol,general,
aircraft marshaller,general,
jetpack,general,
parachute,general,
spacecraft,general,
warship,general,
sailing ship,general,
rowboat,general,
sailboat,general,
submarine,general,
cargo ship,general,
container ship,general,
tanker ship,general,
cruise ship,general,
ferry ship,general,
hospital ship,general,
passenger ship,general,
pirate ship,general,
inflatable boat,general,
lifeboat,general,
police boat,general,
swan boat,general,
tugboat,general,
space capsule,general,
lunar lander,general,
rocket,general,
spaceplane,general,
ufo,general,
convertible,general,
racecar,general,
sports car,general,
sports utility vehicle,general,
station wagon,general,
truck,general,
formula racer,general,
rally car,general,
humvee,general,
military jeep,general,
car,general,
bus,general,
tank,general,
ambulance,general,
armored personnel carrier,general,
armored recovery vehicle,general,
armored vehicle,general,
bicycle,general,
police car,general,
taxi,general,
drill tank,general,
half-track,general,
motorcycle,general,
self-propelled artillery,general,
steamroller,general,
tank destroyer,general,
train,general,
armored train,general,
railway gun,general,
concrete mixer truck,general,
dump truck,general,
haul truck,general,
flatbed truck,general,
fire truck,general,
garbage truck,general,
monster truck,general,
pickup truck,general,
semi truck,general,
tank truck,general,
technical,general,
turretless tank,general,
van,general,
arm blade,general,
axe,general,
battle axe,general,
double-sided axe,general,
hatchet (axe),general,
minecraft axe,general,
nata (tool),general,
hashitsuki nata,general,
tomahawk,general,
ball and chain,general,
spiked ball and chain,general,
baton,general,
expandable baton,general,
bayonet,general,
bo staff,general,
chain blades,general,
club,general,
kanabou,general,
dao,general,
double blade,general,
falcata,general,
falchion (weapon),general,
flail,general,
gunblade,general,
hammer,general,
sledgehammer,general,
war hammer,general,
jian (weapon),general,
jitte,general,
jamadhar,general,
combat knife,general,
dagger,general,
kris,general,
kukri,general,
kunai,general,
mace,general,
flanged mace,general,
spiked mace,general,
machete,general,
macuahuitl,general,
nunchaku,general,
polearm,general,
bardiche (weapon),general,
billhook,general,
dagger axe,general,
glaive,general,
guan dao,general,
halberd,general,
nagimaki,general,
naginata,general,
partisan,general,
polehammer,general,
sasumata,general,
scythe,general,
spear,general,
bident,general,
fangtian ji,general,
lance,general,
pike (weapon),general,
swordstaff,general,
trident,general,
yari,general,
juumonji yari,general,
sai,general,
sickle,general,
switch axe,general,
sword,general,
sword cane,general,
cutlass,general,
greatsword,general,
claymore (sword),general,
zweihander,general,
flamberge,general,
jian,general,
katana,general,
chokutou,general,
nagamaki,general,
ootachi,general,
tachi,general,
long sword,general,
estoc (weapon),general,
kriegsmesser,general,
szczerbiec,general,
minecraft sword,general,
rapier,general,
saber,general,
scimitar,general,
shashka,general,
short sword,general,
cinquedea,general,
gladius,general,
katzbalger,general,
kodachi,general,
ninjatou,general,
tantou,general,
shotel,general,
whip sword,general,
crystal sword,general,
energy sword,general,
lightsaber,general,
saberstaff,general,
windfire wheel,general,
three section staff,general,
shinai,general,
wooden sword,general,
bokken,general,
tonfa,general,
combat shotgun,general,
cute weapon,general,
flared muzzle,general,
glowing weapon,general,
golden gun,general,
huge weapon,general,
kalashnikov rifle,general,
ornate weapon,general,
baseball bat,general,
nail bat,general,
cricket bat,general,
brass knuckles,general,
spiked knuckles,general,
chainsaw,general,
crowbar,general,
drill,general,
flamethrower,general,
stun grenade,general,
improvised weapon,general,
lead pipe,general,
molotov cocktail,general,
pile bunker,general,
smoke grenade,general,
submachine gun,general,
shotgun,general,
sniper rifle,general,
battle rifle,general,
assault rifle,general,
rifle,general,
anti-materiel rifle,general,
autocannon,general,
gatling gun,general,
m134 minigun,general,
machine gun,general,
light machine gun,general,
heavy machine gun,general,
handgun,general,
revolver,general,
firearms,general,
arquebus,general,
blunderbuss,general,
derringer,general,
firelock,general,
caplock,general,
flintlock,general,
jezail,general,
matchlock,general,
wheellock,general,
musket,general,
rocket launcher,general,
grenade launcher,general,
mortar,general,
grenade,general,
cannon,general,
arm cannon,general,
psychogun,general,
sheathed,general,
katana at hip,general,
weapon,general,
day,general,
gun,general,
holding sword,general,
staff,general,
cd player,general,
iphone,general,
phonograph,general,
sound burger,general,
turntable,general,
radio,general,
stereo,general,
walkman,general,
speaker,general,
cassette tape,general,
cd,general,
vinyl record,general,
amplifier,general,
tube amplifier,general,
megaphone,general,
microphone,general,
microphone stand,general,
pop filter,general,
studio microphone,general,
vintage microphone,general,
boom microphone,general,
lavalier microphone,general,
mixing console,general,
enka,general,
eurobeat,general,
eurodance,general,
heavy metal,general,
black metal,general,
jazz,general,
j-core,general,
k-pop,general,
nerdcore techno,general,
rock,general,
trance,general,
audio visualizer,general,
conductor baton,general,
vuvuzela,general,
instrument,general,
holding instrument,general,
instrument case,general,
guitar case,general,
playing instrument,general,
musical note,general,
spoken musical note,general,
treble clef,general,
bass clef,general,
sheet music,general,
musical staff,general,
music stand,general,
singing,general,
karaoke,general,
opera,general,
blood on weapon,general,
stuffed toy,general,
feathers,general,
plant,general,
tree,general,
pillow,general,
book,general,
window,general,
fruit,general,
bed,general,
rose,general,
leaf,general,
chain,general,
phone,general,
table,general,
cellphone,general,
stuffed animal,general,
curtains,general,
box,general,
smartphone,general,
akg,general,
audio-technica,general,
beats by dr. dre,general,
beyerdynamic,general,
elega,general,
etymotic research,general,
grado labs,general,
jvc,general,
kenwood,general,
koss,general,
panasonic,general,
pioneer,general,
sansui,general,
sennheiser,general,
skullcandy,general,
sony,general,
stax,general,
ultrasone,general,
v-moda,general,
bugle,general,
euphonium,general,
flugelhorn,general,
french horn,general,
olifant (instrument),general,
sousaphone,general,
trombone,general,
bass trombone,general,
trumpet,general,
tuba,general,
cowbell,general,
handbell,general,
kagura suzu,general,
castanets,general,
cymbals,general,
drum,general,
bongo drums,general,
conga drums,general,
drumsticks,general,
rattle drum,general,
snare drum,general,
taiko drum,general,
timpani,general,
tsuzumi,general,
maracas,general,
marimba,general,
mallets_(music),general,
pyeongyeong,general,
sistrum,general,
tambourine,general,
triangle,general,
udu,general,
vibraslap,general,
xylophone,general,
banjo,general,
balalaika,general,
bandura,general,
bass guitar,general,
esp btl,general,
fender jazz bass,general,
fender precision bass,general,
fender telecaster bass,general,
gibson sg (bass),general,
gibson thunderbird,general,
ibanez sr300e,general,
music man bongo,general,
music man stingray,general,
pj bass,general,
rickenbacker 4001,general,
yamaha attitude,general,
yamaha broadbass,general,
yamaha trb,general,
cello,general,
chapman stick,general,
double bass,general,
electric double bass,general,
erhu,general,
gayageum,general,
guitar,general,
acoustic guitar,general,
electric guitar,general,
casio dg-20,general,
duesenberg starplayer,general,
esp stream-miku-custom,general,
fender cyclone,general,
fender jaguar,general,
fender jazzmaster,general,
fender mustang,general,
fender stratocaster,general,
fender telecaster,general,
gibson es-335,general,
gibson explorer,general,
gibson flying v,general,
gibson firebird,general,
gibson hummingbird,general,
gibson les paul,general,
gibson rd,general,
gibson sg,general,
gretsch 5230,general,
gretsch 6120,general,
gretsch 6128,general,
italia mondial,general,
jackson king v,general,
jackson rhoads,general,
parker fly,general,
rickenbacker 325,general,
rickenbacker 330,general,
yamaha pacifica,general,
yamaha revstar,general,
guqin,general,
guzheng,general,
harp,general,
hammered dulcimer,general,
lyre,general,
kantele,general,
kokyuu,general,
koto,general,
lute,general,
biwa lute,general,
phin,general,
electric phin,general,
mandolin,general,
morin khuur,general,
nyckelharpa,general,
pipa,general,
plectrum,general,
ruan,general,
sitar,general,
shamisen,general,
tonkori,general,
ukulele,general,
viola,general,
violin,general,
wolgeum,general,
yueqin,general,
zither,general,
woodwinds,general,
bagpipes,general,
bassoon,general,
clarinet,general,
crumhorn,general,
flute,general,
bass flute,general,
fife,general,
harmonica,general,
oboe,general,
ocarina,general,
recorder,general,
saxophone,general,
keyboard,general,
accordion,general,
concertina,general,
melodica,general,
harpsichord,general,
hurdy-gurdy,general,
keytar,general,
alesis vortex,general,
korg rk-100,general,
korg rk-100s,general,
roland ax-7,general,
roland ax-edge,general,
roland ax-synth,general,
roland lucina ax-09,general,
yamaha kx5,general,
yamaha shs-500,general,
fender rhodes,general,
synthesizer,general,
clavia nord,general,
organ,general,
electric organ,general,
pipe organ,general,
organistrum,general,
piano,general,
piano keys,general,
grand piano,general,
upright piano,general,
instruments,general,
jaw harp,general,
kazoo,general,
otamatone,general,
theremin,general,
heart,general,
star (symbol),general,
lightning bolt symbol,general,
morning,general,
dawn,general,
twilight,general,
sunrise,general,
evening,general,
sunset,general,
dusk,general,
night,general,
pov hands,general,
pov feets,general,
pov head,general,
wet,general,
varied,general,
unusual,general,
mismatched,general,
powerful,general,
magical aura,general,
strong,general,
dark navy,general,
charcoal,general,
neon lights,general,
spotlights,general,
japanese,general,
blood on clothes,general,
blood on face,general,
blood spray,general,
manhole cover,general,
manhole,general,
sewer grate,general,
grate,general,
ventilation shaft,general,
animal on shoulder,general,
bird on shoulder,general,
blood on shoulder,general,
bird on head,general,
on head,general,
small sweatdrop,general,
sign,general,
incoming letter,general,
intricate,general,
upright,general,
petals,general,
blood,general,
fire,general,
cross,general,
crossover,general,
cherry blossoms,general,
steam,general,
crescent,general,
wind,general,
meme,general,
androgynous,general,
christmas,general,
bdsm,NSFW,bdsm
asphyxiation,NSFW,bdsm
strangling,NSFW,bdsm
bondage,NSFW,bdsm
bound together,NSFW,bdsm
breast bondage,NSFW,bdsm
predicament bondage,NSFW,bdsm
public bondage,NSFW,bdsm
self bondage,NSFW,bdsm
shibari,NSFW,bdsm
shibari over clothes,NSFW,bdsm
shibari under clothes,NSFW,bdsm
spreader bar,NSFW,bdsm
suspension,NSFW,bdsm
femdom ,NSFW,bdsm
assertive female,NSFW,bdsm
clothed female nude male,NSFW,bdsm
sitting on face,NSFW,bdsm
facesitting,NSFW,bdsm
humiliation,NSFW,bdsm
body writing,NSFW,bdsm
masochism,NSFW,bdsm
neglect play,NSFW,bdsm
public use,NSFW,bdsm
tally,NSFW,bdsm
rope walking,NSFW,bdsm
sadism,NSFW,bdsm
spanked,NSFW,bdsm
torture,NSFW,bdsm
clitoris torture,NSFW,bdsm
nipple torture,NSFW,bdsm
nipple clamps,NSFW,bdsm
nipple pull,NSFW,bdsm
ball busting,NSFW,bdsm
tickle torture,NSFW,bdsm
temperature play,NSFW,bdsm
fire play,NSFW,bdsm
ice play,NSFW,bdsm
wax play,NSFW,bdsm
presenting own body,NSFW,Before Sex
take your pick,NSFW,Before Sex
cum on face,NSFW,cum play
cum on mouth,NSFW,cum play
cum,NSFW,cum play
bukkake,NSFW,cum play
cumdump,NSFW,cum play
cum bath,NSFW,cum play
cumdrip,NSFW,cum play
cum pool,NSFW,cum play
cum in ass,NSFW,cum play
cum in clothes,NSFW,cum play
cum in cup,NSFW,cum play
cum in throat,NSFW,cum play
cum on tongue,NSFW,cum play
cum in pussy,NSFW,cum play
cum in urethra,NSFW,cum play
cum on body,NSFW,cum play
cum on armpits,NSFW,cum play
cum on ass,NSFW,cum play
cum on back,NSFW,cum play
cum on breasts,NSFW,cum play
cum on chest,NSFW,cum play
cum on feet,NSFW,cum play
cum on fingers,NSFW,cum play
cum on hair,NSFW,cum play
cum on pectorals,NSFW,cum play
cum on pussy,NSFW,cum play
cum on stomach,NSFW,cum play
cum in navel,NSFW,cum play
cum on clothes,NSFW,cum play
cum on eyewear,NSFW,cum play
cum on food,NSFW,cum play
ejaculation,NSFW,cum play
ejaculating while penetrated,NSFW,cum play
pull out,NSFW,cum play
facial,NSFW,cum play
autofacial,NSFW,cum play
felching,NSFW,cum play
gokkun,NSFW,cum play
cum on hand,NSFW,cum play
exhibitionism,NSFW,Exhibitionism
public indecency,NSFW,Exhibitionism
public nudity,NSFW,Exhibitionism
zenra,NSFW,Exhibitionism
public vibrator,NSFW,Exhibitionism
stealth bondage,NSFW,Exhibitionism
stealth sex,NSFW,Exhibitionism
cheating,NSFW,Exhibitionism
netorare,NSFW,Exhibitionism
reverse netorare,NSFW,Exhibitionism
voyeurism,NSFW,Exhibitionism
caught,NSFW,Exhibitionism
peeking,NSFW,Exhibitionism
walk-in,NSFW,Exhibitionism
scat,NSFW,Extreme
peeing,NSFW,Extreme
drinking pee,NSFW,Extreme
golden shower,NSFW,Extreme
peeing on viewer,NSFW,Extreme
have to pee,NSFW,Extreme
peeing self,NSFW,Extreme
mutilation,NSFW,Extreme
guro,NSFW,Extreme
amputee,NSFW,Extreme
double amputee,NSFW,Extreme
quadruple amputee,NSFW,Extreme
triple amputee,NSFW,Extreme
diaper,NSFW,Fetishes
adult baby,NSFW,Fetishes
toddlercon,NSFW,Fetishes
mature female,NSFW,Fetishes
mature male,NSFW,Fetishes
leash pull,NSFW,Fetishes
pet play,NSFW,Fetishes
human dog,NSFW,Fetishes
pony play,NSFW,Fetishes
miniboy,NSFW,Fetishes
muscular male,NSFW,Fetishes
muscular other,NSFW,Fetishes
fat,NSFW,Fetishes
obese,NSFW,Fetishes
breast expansion,NSFW,Fetishes
breast smother,NSFW,Fetishes
lactation,NSFW,Fetishes
breastfeeding,NSFW,Fetishes
lactation through clothes,NSFW,Fetishes
breast pump,NSFW,Fetishes
group sex,NSFW,group sex
bisexual,NSFW,group sex
bisexual female,NSFW,group sex
bisexual male,NSFW,group sex
oral sandwich,NSFW,group sex
daisy chain,NSFW,group sex
gangbang,NSFW,group sex
double penetration,NSFW,group sex
triple penetration,NSFW,group sex
love train,NSFW,group sex
cooperative breast smother,NSFW,group sex
orgy,NSFW,group sex
reverse spitroast,NSFW,group sex
spitroast,NSFW,group sex
threesome,NSFW,group sex
MMF threesome,NSFW,group sex
FFM threesome,NSFW,group sex
MMM threesome,NSFW,group sex
FFF threesome,NSFW,group sex
FDD threesome,NSFW,group sex
MDD threesome,NSFW,group sex
FFD threesome,NSFW,group sex
MMD threesome,NSFW,group sex
DDD threesome,NSFW,group sex
MFD threesome,NSFW,group sex
MMC threesome,NSFW,group sex
FFC threesome,NSFW,group sex
MCC threesome,NSFW,group sex
CCC threesome,NSFW,group sex
MMO threesome,NSFW,group sex
FFO threesome,NSFW,group sex
OOF threesome,NSFW,group sex
OOM threesome,NSFW,group sex
MFO threesome,NSFW,group sex
foursome,NSFW,group sex
fivesome,NSFW,group sex
crossdressing (mtf),NSFW,Intersex
crossdressing (ftm),NSFW,Intersex
trap,NSFW,Intersex
cuntboy,NSFW,Intersex
cuntboy with cuntboy,NSFW,Intersex
cuntboy with female,NSFW,Intersex
cuntboy with male,NSFW,Intersex
futanari,NSFW,Intersex
implied futanari,NSFW,Intersex
full-package futanari,NSFW,Intersex
futa with cuntboy,NSFW,Intersex
futa with female,NSFW,Intersex
female on futa,NSFW,Intersex
futa with futa,NSFW,Intersex
futa with male,NSFW,Intersex
futa on male,NSFW,Intersex
male on futa,NSFW,Intersex
futa without pussy,NSFW,Intersex
futa with newhalf,NSFW,Intersex
newhalf with female,NSFW,Intersex
newhalf with male,NSFW,Intersex
newhalf with newhalf,NSFW,Intersex
no testicles,NSFW,Intersex
male futanari,NSFW,Intersex
incest,NSFW,Miscellaneous 
twincest,NSFW,Miscellaneous 
inseki,NSFW,Miscellaneous 
rape,NSFW,Miscellaneous 
assisted rape,NSFW,Miscellaneous 
femdom rape,NSFW,Miscellaneous 
reverse rape,NSFW,Miscellaneous 
imminent rape,NSFW,Miscellaneous 
molestation,NSFW,Miscellaneous 
chikan,NSFW,Miscellaneous 
compensated molestation,NSFW,Miscellaneous 
Smother,NSFW,Miscellaneous 
cross-section,NSFW,Miscellaneous 
internal cumshot,NSFW,Miscellaneous 
x-ray,NSFW,Miscellaneous 
Roles,NSFW,Miscellaneous 
power bottom,NSFW,Miscellaneous 
futasub,NSFW,Miscellaneous 
conjoined,NSFW,Miscellaneous 
extra arms,NSFW,Miscellaneous 
extra breasts,NSFW,Miscellaneous 
extra penises,NSFW,Miscellaneous 
bestiality,NSFW,Miscellaneous 
knotting,NSFW,Miscellaneous 
condom,NSFW,Miscellaneous 
used condom on penis,NSFW,Miscellaneous 
condom left inside,NSFW,Miscellaneous 
used condom,NSFW,Miscellaneous 
defloration,NSFW,Miscellaneous 
dirty talk,NSFW,Miscellaneous 
nantaimori,NSFW,Miscellaneous 
nyotaimori,NSFW,Miscellaneous 
wakamezake,NSFW,Miscellaneous 
bust cup,NSFW,Miscellaneous 
female ejaculation,NSFW,Miscellaneous 
Pussy juice,NSFW,Miscellaneous 
glory hole,NSFW,Miscellaneous 
glory wall,NSFW,Miscellaneous 
human furniture,NSFW,Miscellaneous 
forniphilia,NSFW,Miscellaneous 
human toilet,NSFW,Miscellaneous 
mating (animal),NSFW,Miscellaneous 
mecha on girl,NSFW,Miscellaneous 
necrophilia,NSFW,Miscellaneous 
pregnant,NSFW,Miscellaneous 
giving birth,NSFW,Miscellaneous 
impregnation,NSFW,Miscellaneous 
unbirthing,NSFW,Miscellaneous 
selfcest,NSFW,Miscellaneous 
smelling,NSFW,Miscellaneous 
smelling clothes,NSFW,Miscellaneous 
smelling underwear,NSFW,Miscellaneous 
smelling pantyhose,NSFW,Miscellaneous 
tentacles,NSFW,Miscellaneous 
consensual tentacles,NSFW,Miscellaneous 
mechanical tentacles,NSFW,Miscellaneous 
penis tentacle,NSFW,Miscellaneous 
pussy tentacle,NSFW,Miscellaneous 
tentacle clothes,NSFW,Miscellaneous 
tentacle gagged,NSFW,Miscellaneous 
tentacle on penis,NSFW,Miscellaneous 
tentacle pit,NSFW,Miscellaneous 
kankaku shadan,NSFW,Miscellaneous 
tentacles in thighhighs,NSFW,Miscellaneous 
tentacles under clothes,NSFW,Miscellaneous 
tentacles on male,NSFW,Miscellaneous 
too many tentacles,NSFW,Miscellaneous 
topless,NSFW,nude
nude,NSFW,nude
naked,NSFW,nude
nipples,NSFW,nude
completely nude,NSFW,nude
"breast out, one",NSFW,nude
breast slip,NSFW,nude
breasts out,NSFW,nude
bra lift,NSFW,nude
 no bra,NSFW,nude
bra pull,NSFW,nude
topless female,NSFW,nude
nearly naked apron,NSFW,nude
naked bandage,NSFW,nude
naked capelet,NSFW,nude
naked chocolate,NSFW,nude
naked coat,NSFW,nude
naked hoodie,NSFW,nude
naked jacket,NSFW,nude
naked overalls,NSFW,nude
naked ribbon,NSFW,nude
naked robe,NSFW,nude
naked scarf,NSFW,nude
naked sheet,NSFW,nude
naked suspenders,NSFW,nude
naked tabard,NSFW,nude
naked towel,NSFW,nude
ass,NSFW,nude
covered nipples,NSFW,nude
groin,NSFW,nude
pubic hair,NSFW,nude
anus,NSFW,nude
bottomless,NSFW,nude
testicles,NSFW,nude
female pubic hair,NSFW,nude
male pubic hair,NSFW,nude
areola slip,NSFW,nude
Nearly naked towel,NSFW,nude
ass cutout,NSFW,outfit
assless swimsuit,NSFW,outfit
anus cutout,NSFW,outfit
breast cutouts,NSFW,outfit
breastless clothes,NSFW,outfit
cupless bikini,NSFW,outfit
nippleless clothes,NSFW,outfit
nipple cutout,NSFW,outfit
crotchless,NSFW,outfit
crotchless bloomers,NSFW,outfit
crotchless buruma,NSFW,outfit
crotchless pantyhose,NSFW,outfit
crotchless swimsuit,NSFW,outfit
revealing clothes,NSFW,outfit
reverse outfit,NSFW,outfit
reverse bunnysuit,NSFW,outfit
animal insertion,NSFW,Penetration
cervical penetration,NSFW,Penetration
covered penetration,NSFW,Penetration
deep penetration,NSFW,Penetration
food insertion,NSFW,Penetration
inflation,NSFW,Penetration
cum inflation,NSFW,Penetration
big belly,NSFW,Penetration
enema,NSFW,Penetration
large insertion,NSFW,Penetration
stomach bulge,NSFW,Penetration
male penetrated,NSFW,Penetration
multiple insertions,NSFW,Penetration
nipple penetration,NSFW,Penetration
nosejob,NSFW,Penetration
object insertion,NSFW,Penetration
vaginal object insertion,NSFW,Penetration
anal object insertion,NSFW,Penetration
urethral insertion,NSFW,Penetration
sounding,NSFW,Penetration
fingering,NSFW,Penetration
anal fingering,NSFW,Penetration
prostate milking,NSFW,Penetration
fingering through clothes,NSFW,Penetration
fingering through panties,NSFW,Penetration
implied fingering,NSFW,Penetration
fisting,NSFW,Penetration
anal fisting,NSFW,Penetration
self fisting,NSFW,Penetration
double fisting,NSFW,Penetration
sex,NSFW,Penetration
after sex,NSFW,Penetration
after anal,NSFW,Penetration
after buttjob,NSFW,Penetration
after fellatio,NSFW,Penetration
after fingering,NSFW,Penetration
after frottage,NSFW,Penetration
after insertion,NSFW,Penetration
after masturbation,NSFW,Penetration
after oral,NSFW,Penetration
after paizuri,NSFW,Penetration
after rape,NSFW,Penetration
after urethral,NSFW,Penetration
after vaginal,NSFW,Penetration
clothed after sex,NSFW,Penetration
anal,NSFW,Penetration
double anal,NSFW,Penetration
imminent anal,NSFW,Penetration
pegging,NSFW,Penetration
triple anal,NSFW,Penetration
multiple anal,NSFW,Penetration
clothed sex,NSFW,Penetration
guided penetration,NSFW,Penetration
happy sex,NSFW,Penetration
imminent penetration,NSFW,Penetration
implied sex,NSFW,Penetration
navel sex,NSFW,Penetration
rough sex,NSFW,Penetration
sex from behind,NSFW,Penetration
skull fucking,NSFW,Penetration
ear sex,NSFW,Penetration
penis in eye,NSFW,Penetration
tentacle sex,NSFW,Penetration
underwater sex,NSFW,Penetration
vaginal,NSFW,Penetration
double vaginal,NSFW,Penetration
imminent vaginal,NSFW,Penetration
triple vaginal,NSFW,Penetration
yaoi,NSFW,Same-sex Acts
bara,NSFW,Same-sex Acts
implied yaoi,NSFW,Same-sex Acts
bulges touching,NSFW,Same-sex Acts
penises touching,NSFW,Same-sex Acts
testicles touching,NSFW,Same-sex Acts
yuri,NSFW,Same-sex Acts
implied yuri,NSFW,Same-sex Acts
tribadism,NSFW,Same-sex Acts
erection,NSFW,Sex Act
oral,NSFW,Sex Act
breast press,NSFW,Sex Act
Erection under towel,NSFW,Sex Act
anal beads,NSFW,Sex Toys
anal tail,NSFW,Sex Toys
onahole,NSFW,Sex Toys
ass onahole,NSFW,Sex Toys
tenga,NSFW,Sex Toys
butt plug,NSFW,Sex Toys
aneros,NSFW,Sex Toys
jewel butt plug,NSFW,Sex Toys
cock ring,NSFW,Sex Toys
dildo,NSFW,Sex Toys
dildo gag,NSFW,Sex Toys
dildo under mask,NSFW,Sex Toys
dildo harness,NSFW,Sex Toys
dildo under panties,NSFW,Sex Toys
double dildo,NSFW,Sex Toys
huge dildo,NSFW,Sex Toys
dragon dildo,NSFW,Sex Toys
horse dildo,NSFW,Sex Toys
spiked dildo,NSFW,Sex Toys
strap-on,NSFW,Sex Toys
suction cup dildo,NSFW,Sex Toys
dildo riding,NSFW,Sex Toys
prostate massager,NSFW,Sex Toys
Pump,NSFW,Sex Toys
clitoris pump,NSFW,Sex Toys
penis pump,NSFW,Sex Toys
sex doll,NSFW,Sex Toys
sex machine,NSFW,Sex Toys
sex toy,NSFW,Sex Toys
too many sex toys,NSFW,Sex Toys
catheter,NSFW,Sex Toys
urethral beads,NSFW,Sex Toys
vibrator,NSFW,Sex Toys
butterfly vibrator,NSFW,Sex Toys
clitoral suction vibrator,NSFW,Sex Toys
egg vibrator,NSFW,Sex Toys
hitachi magic wand,NSFW,Sex Toys
rabbit vibrator,NSFW,Sex Toys
remote control vibrator,NSFW,Sex Toys
riding machine,NSFW,Sex Toys
sybian,NSFW,Sex Toys
vibrator under clothes,NSFW,Sex Toys
vibrator in thigh strap,NSFW,Sex Toys
vibrator in thighhighs,NSFW,Sex Toys
vibrator under panties,NSFW,Sex Toys
vibrator under pantyhose,NSFW,Sex Toys
vibrator in anus,NSFW,Sex Toys
vibrator on nipple,NSFW,Sex Toys
vibrator on penis,NSFW,Sex Toys
aphrodisiac,NSFW,Sex Toys
lotion,NSFW,Sex Toys
lotion bottle,NSFW,Sex Toys
lube,NSFW,Sex Toys
afterglow,NSFW,Sexual Face
ahegao,NSFW,Sexual Face
fucked silly,NSFW,Sexual Face
sexual ecstasy,NSFW,Sexual Face
aroused,NSFW,Sexual Face
in heat,NSFW,Sexual Face
ohhoai,NSFW,Sexual Face
torogao,NSFW,Sexual Face
ass-to-mouth,NSFW,Sexual Face
condom in mouth,NSFW,Sexual Face
cum in mouth,NSFW,Sexual Face
oral invitation,NSFW,Sexual Face
pussy juice in mouth,NSFW,Sexual Face
unzipping with mouth,NSFW,Sexual Face
69,NSFW,sexual positions
doggystyle,NSFW,sexual positions
prone bone,NSFW,sexual positions
standing sex,NSFW,sexual positions
spooning,NSFW,sexual positions
girl on top,NSFW,sexual positions
amazon position,NSFW,sexual positions
cowgirl position,NSFW,sexual positions
squatting cowgirl position,NSFW,sexual positions
reverse cowgirl position,NSFW,sexual positions
reverse squatting cowgirl position,NSFW,sexual positions
reverse upright straddle,NSFW,sexual positions
boy on top,NSFW,sexual positions
anvil position,NSFW,sexual positions
missionary,NSFW,sexual positions
mating press,NSFW,sexual positions
suspended congress,NSFW,sexual positions
reverse suspended congress,NSFW,sexual positions
full nelson,NSFW,sexual positions
piledriver,NSFW,sexual positions
mounting,NSFW,sexual positions
standing missionary,NSFW,sexual positions
footjob,NSFW,Stimulation
double footjob,NSFW,Stimulation
implied footjob,NSFW,Stimulation
cooperative footjob,NSFW,Stimulation
footjob with footwear,NSFW,Stimulation
footjob with shoes,NSFW,Stimulation
footjob with boots,NSFW,Stimulation
footjob with sandals,NSFW,Stimulation
footjob with legwear,NSFW,Stimulation
two-footed footjob,NSFW,Stimulation
reverse footjob,NSFW,Stimulation
footjob from behind,NSFW,Stimulation
female footjob,NSFW,Stimulation
footjob under table,NSFW,Stimulation
simulated footjob,NSFW,Stimulation
after footjob,NSFW,Stimulation
licking foot,NSFW,Stimulation
foot worship,NSFW,Stimulation
smelling feet,NSFW,Stimulation
frottage (dry humping),NSFW,Stimulation
armpit sex,NSFW,Stimulation
pussyjob,NSFW,Stimulation
backjob,NSFW,Stimulation
buttjob,NSFW,Stimulation
cooperative pussyjob,NSFW,Stimulation
kneepit sex,NSFW,Stimulation
paizuri (tittyfuck),NSFW,Stimulation
autopaizuri (done on oneself),NSFW,Stimulation
cooperative paizuri,NSFW,Stimulation
handsfree paizuri,NSFW,Stimulation
naizuri (flatchested paizuri),NSFW,Stimulation
paizuri over clothes,NSFW,Stimulation
paizuri on lap,NSFW,Stimulation
paizuri under clothes,NSFW,Stimulation
pecjob (done with a male's pectorals),NSFW,Stimulation
perpendicular paizuri,NSFW,Stimulation
stealth paizuri,NSFW,Stimulation
straddling paizuri,NSFW,Stimulation
thigh sex,NSFW,Stimulation
glansjob,NSFW,Stimulation
cloth glansjob,NSFW,Stimulation
groping,NSFW,Stimulation
grabbing another's ass,NSFW,Stimulation
grabbing another's breast,NSFW,Stimulation
guided breast grab,NSFW,Stimulation
pectoral grab,NSFW,Stimulation
guided pectoral grab,NSFW,Stimulation
nipple tweak,NSFW,Stimulation
crotch grab,NSFW,Stimulation
guided crotch grab,NSFW,Stimulation
grabbing own breast,NSFW,Stimulation
torso grab,NSFW,Stimulation
hairjob,NSFW,Stimulation
handjob,NSFW,Stimulation
caressing testicles,NSFW,Stimulation
double handjob,NSFW,Stimulation
cooperative handjob,NSFW,Stimulation
nursing handjob,NSFW,Stimulation
cuddling handjob,NSFW,Stimulation
reverse nursing handjob,NSFW,Stimulation
reach-around,NSFW,Stimulation
two-handed handjob,NSFW,Stimulation
masturbation,NSFW,Stimulation
crotch rub,NSFW,Stimulation
building sex,NSFW,Stimulation
pillow humping,NSFW,Stimulation
teddy bear sex,NSFW,Stimulation
table humping,NSFW,Stimulation
female masturbation,NSFW,Stimulation
futanari masturbation,NSFW,Stimulation
implied masturbation,NSFW,Stimulation
male masturbation,NSFW,Stimulation
masturbation through clothes,NSFW,Stimulation
masturbation under clothes,NSFW,Stimulation
mutual masturbation,NSFW,Stimulation
stealth masturbation,NSFW,Stimulation
tail masturbation,NSFW,Stimulation
tail insertion,NSFW,Stimulation
tailjob,NSFW,Stimulation
anilingus,NSFW,Stimulation
rusty trombone,NSFW,Stimulation
breast sucking,NSFW,Stimulation
cunnilingus,NSFW,Stimulation
autocunnilingus,NSFW,Stimulation
implied cunnilingus,NSFW,Stimulation
fellatio,NSFW,Stimulation
autofellatio,NSFW,Stimulation
cum swap (snowballing),NSFW,Stimulation
deepthroat,NSFW,Stimulation
implied fellatio,NSFW,Stimulation
irrumatio,NSFW,Stimulation
cooperative fellatio,NSFW,Stimulation
multiple penis fellatio,NSFW,Stimulation
hug and suck,NSFW,Stimulation
licking testicle,NSFW,Stimulation
sitting on face (facesitting),NSFW,Stimulation
testicle sucking,NSFW,Stimulation
licking armpit,NSFW,Stimulation
748cmstyle,LoRA,
Hatsune miku,LoRA,
<lora:lcmturbomix2fix:1>,LoRA,
dmd2,LoRA,
dynamic pose,LoRA,
oldest,Negative ,
nostrils,Negative ,
multiply views,Negative ,
worst detail,Negative ,
censor,Negative ,
bad quality,Negative ,
worst quality,Negative ,
bad anatomy,Negative ,
jpeg artifacts,Negative ,
ugly,Negative ,
poorly drawn,Negative ,
blurry,Negative ,
censored,Negative ,
artist name,Negative ,
signature,Negative ,
watermark,Negative ,
hand with less 4 finger,Negative ,
hand with more 5 finger,Negative ,
mosaic censoring,Negative ,
bar censor,Negative ,
copyright name,Negative ,
low quality,Negative ,
bad hands,Negative ,
patreon logo,Negative ,
patreon username,Negative ,
web address,Negative ,
extra limbs,Negative ,
extra fingers,Negative ,
poorly drawn hands,Negative ,
deformed face,Negative ,
bad proportions,Negative ,
oversaturated,Negative ,
flat shading,Negative ,
anatomical nonsense,Negative ,
artistic error,Negative ,
bad feet,Negative ,
extra toes,Negative ,
deformed,Negative ,
mutated,Negative ,
disfigured,Negative ,
long body,Negative ,
missing fingers,Negative ,
extra digit,Negative ,
cropped,Negative ,
very displeasing,Negative ,
username,Negative ,
mosaic censor,Negative ,
bad ai-generated,Negative ,
long neck,Negative ,
skin blemishes,Negative ,
skin spots,Negative ,
acne,Negative ,
the wrong limb,Negative ,
error,Negative ,
black line,Negative ,
excess hands,Negative ,
nipple,Negative ,
normal quality,Negative ,
bad,Negative ,
low details,Negative ,
bad finger,Negative ,
bad fingers,Negative ,
split fingers,Negative ,
missing finger,Negative ,
split finger,Negative ,
extra digits,Negative ,
fused arms,Negative ,
fused hands,Negative ,
bad hand,Negative ,
extra finger,Negative ,
six fingers,Negative ,
four fingers,Negative ,
lowres,Negative ,
border,image composition,
white border,image composition,
outside border,image composition,
inset border,image composition,
ornate border,image composition,
aqua border,image composition,
black border,image composition,
blue border,image composition,
brown border,image composition,
green border,image composition,
grey border,image composition,
orange border,image composition,
pink border,image composition,
purple border,image composition,
red border,image composition,
yellow border,image composition,
gradient border,image composition,
multicolored border,image composition,
transparent border,image composition,
checkered border,image composition,
chinese knot border,image composition,
dashed border,image composition,
diamond border,image composition,
fading border,image composition,
film border,image composition,
floral border,image composition,
frosted border,image composition,
grid border,image composition,
heart border,image composition,
irregular border,image composition,
lace border,image composition,
meandros border,image composition,
plaid border,image composition,
polka dot border,image composition,
round border,image composition,
striped border,image composition,
titled border,image composition,
afterimage,image composition,
rounded corners,image composition,
viewfinder,image composition,
chart,image composition,
bust chart,image composition,
character chart,image composition,
reference sheet,image composition,
diagram,image composition,
move chart,image composition,
relationship graph,image composition,
seating chart,image composition,
stats,image composition,
collage,image composition,
column lineup,image composition,
diorama,image composition,
faux figurine,image composition,
from outside,image composition,
isometric,image composition,
letterboxed,image composition,
pillarboxed,image composition,
lineup,image composition,
negative space,image composition,
omake,image composition,
out of frame,image composition,
fake scrollbar,image composition,
out-of-frame censoring,image composition,
partially underwater shot,image composition,
pov,image composition,
social media composition,image composition,
symmetry,image composition,
polar opposites,image composition,
rotational symmetry,image composition,
tachi-e,image composition,
trim marks,image composition,
focus face,image composition,
portrait,image composition,frame
upper body,image composition,frame
cowboy shot,image composition,frame
wide shot,image composition,frame
very wide shot,image composition,frame
feet out of frame,image composition,frame
full body,image composition,frame
lower body,image composition,frame
head out of frame,image composition,frame
eyes out of frame,image composition,frame
arm out of frame,image composition,frame
foot out of frame,image composition,frame
knees out of frame,image composition,frame
close-up,image composition,frame
cropped legs,image composition,frame
cropped torso,image composition,frame
cropped arms,image composition,frame
cropped shoulders,image composition,frame
cropped head,image composition,frame
cut-in,image composition,frame
profile,image composition,frame
group profile,image composition,frame
split crop,image composition,frame
overlighting,image composition,
sidelighting,image composition,
underlighting,image composition,
spotlight,image composition,
light rays,image composition,
dim lighting,image composition,
sunlight,image composition,
moonlight,image composition,
crack of light,image composition,
dappled sunlight,image composition,
dappled moonlight,image composition,
window shadow,image composition,
dispersion,image composition,
refraction,image composition,
atmospheric perspective,image composition,
fisheye,image composition,
panorama,image composition,
perspective,image composition,
vanishing point,image composition,
variations,image composition,
dutch angle,image composition,angle
from above,image composition,angle
from behind,image composition,angle
from below,image composition,angle
from side,image composition,angle
high up,image composition,angle
multiple views,image composition,angle
sideways,image composition,angle
three-quarter view,image composition,angle
straight-on,image composition,angle
facing viewer,image composition,angle
